id,repository_id,commit_hash,changed_files,changed_sloc,created_at
1,7,d0815e386e02254456afec2c78bc29d3201c6f3b,3,85,"2025-10-15 02:57:30"
2,9,d100c836c1fbfec4cfc421106f495d04e6e680fb,5,422,"2025-10-15 02:58:16"
3,9,a1597d07224338d50c4fa5e52b7c45bbf0766d1f,6,495,"2025-10-15 02:58:20"
4,9,c01ac247fe3b2135e27c652ec6dd50b2be65f855,3,8,"2025-10-15 02:58:23"
5,9,80b4b9544e4eca6bd6446f3dd89e204f9bbec759,3,41,"2025-10-15 02:58:27"
6,9,47c5150c3ff2c37bfee49c5fbbd228bd48e4f162,79,995,"2025-10-15 02:58:30"
7,9,efb3549e5ae7be92d43ba1fc478bee1aa0722da7,32,347,"2025-10-15 02:58:37"
8,9,69774c2df676c1b58a68c88e865d3d08f3c54ac1,4,64,"2025-10-15 02:58:40"
9,9,ceaacdabd1a3d945ac673ffb4b0810e413f0972c,125,1985,"2025-10-15 02:58:44"
10,9,ef42c70558094723784a059bcd4d359ba856e91a,14,227,"2025-10-15 02:58:49"
11,9,34a79b163e72b3739a3e5d0f6d1c20dbb099cf02,3,52,"2025-10-15 02:58:53"
12,9,8e06ea63ac0e8cb72aef38734210430ac9817661,19,238,"2025-10-15 02:58:58"
13,9,8c8911367497763f95c2b953d37d47af59116f0c,2,70,"2025-10-15 02:59:01"
14,9,dcb374a1f420cb5d06d9369cc49e50cc4aa0f136,5,37,"2025-10-15 02:59:05"
15,9,87d866d8197772e9789be4650428190616719581,2,8,"2025-10-15 02:59:08"
16,9,7eaaff8e34e74ba9a861e7505acdf9f56c4816de,19,1717,"2025-10-15 02:59:12"
17,9,e71774173f2fbdb8153a6082febc9b8d4254bb28,15,1431,"2025-10-15 02:59:15"
18,9,f32bb7071c26acf579a6020ec317f0b950f07cb0,1,2,"2025-10-15 02:59:20"
19,9,b0ef2b4d592ca9451a19c7089e6d563ccc7d53b2,18,838,"2025-10-15 02:59:24"
20,9,167a731fbcf0b1291229722517fec9112abeb03c,10,550,"2025-10-15 02:59:27"
21,9,da05ae645fa0fd1f8a5b308f87cf28bd0bf0560c,5,79,"2025-10-15 02:59:31"
22,9,2ff4126bd25e117689dee247ae3ad135ca0a93ed,2,13,"2025-10-15 02:59:36"
23,9,72e69700b67957690806a8bf76effcbefb99cd40,5,113,"2025-10-15 02:59:39"
24,9,e65110c6e83853dca50a574584937d6cd8fccb65,2,201,"2025-10-15 02:59:43"
25,9,e0acfc3bcb41981770842ee663c6677c4192aac2,2,9,"2025-10-15 02:59:47"
26,9,c9d59a16bf9d59a9aae1c082b1d72179629e102a,4,134,"2025-10-15 02:59:50"
27,9,c8dc04d27548733a061419d3bd935f67d4842d6c,15,1397,"2025-10-15 02:59:54"
28,9,135aa598f99dacb1b6a1ec1cf2eeb21f1012e81b,47,514,"2025-10-15 02:59:58"
29,9,b98f8fa80bb32ea9e01453d566c453acfdf5f275,5,393,"2025-10-15 03:00:01"
30,9,9b335c54e4d08f29dbb5fcd9fb2ca384e910f08a,39,515,"2025-10-15 03:00:05"
31,9,efbfbf191a1e072c3a2297133807046d3098c124,2,8,"2025-10-15 03:00:08"
32,9,0caaf7846d16a3da24aae4278d0a1e49c987dffe,4,349,"2025-10-15 03:00:12"
33,9,cf85f045e705b20d3eef40fd2e479a035fb182c2,2,53,"2025-10-15 03:00:15"
34,9,4290a8e6ab671bbe471edc4066326444e95fb367,7,69,"2025-10-15 03:00:19"
35,9,7625490a98bdece06d1e03d3ce62510883a60f80,88,1959,"2025-10-15 03:00:22"
36,9,fe449861006344c4e89f92e7e709874eb7ee4af5,5,56,"2025-10-15 03:00:26"
37,9,f0b850f5286aec5b009483a9fccfe1ce07f6defc,1,5,"2025-10-15 03:00:29"
38,9,e21e7b84690fbcdc77b098f5b7cbc8605dcaa314,1,4,"2025-10-15 03:00:33"
39,9,714c077b11363f168e261ad43cff0b5b74556b7f,8,124,"2025-10-15 03:00:36"
40,9,242460f91665e8a6d3e14bc804345f2578e9654f,11,291,"2025-10-15 03:00:40"
41,4,f6bb51581f6d2f0e5c643e5e1cc93d9987e96b72,1,24,"2025-10-15 03:02:01"
42,4,8529017e025e4b0c8887730b5204926ef410f629,13,1041,"2025-10-15 03:02:05"
43,4,fe522fd70d050494d197d3c4aa443aedef4aae1a,12,728,"2025-10-15 03:02:19"
44,4,cb3853a7890994a2b3150687833ccfb9a17aeae0,4,357,"2025-10-15 03:02:24"
45,4,67bc5e3a621fce1e481a680dc37e7242b7ca7b54,4,133,"2025-10-15 03:02:28"
46,4,bc42e389381a7fe89f8ba7c9b82e9cd6ce20ff09,3,99,"2025-10-15 03:02:31"
47,4,9f7ce4e732fe9b6a70b607f1882479177bd86182,7,255,"2025-10-15 03:02:34"
48,4,1a08b73af843c42872432a198f45f7dc4a80c8b5,4,177,"2025-10-15 03:02:38"
49,4,b8aa775d488e7297831c91ce74c411ef817ee39a,1,23,"2025-10-15 03:02:44"
50,4,d95c6797a4e3510ebb23c121c22d14ab71954f9c,5,218,"2025-10-15 03:02:47"
51,4,076fc21e404b8abadc6cc14b41c30866a5b85267,7,114,"2025-10-15 03:02:50"
52,4,acb40e112b031234cd54cf96435e0d832792094c,3,60,"2025-10-15 03:02:54"
53,4,9de12ea5f20ea34e38916bcff3237a5b5fde5ea7,19,256,"2025-10-15 03:02:57"
54,4,4afabdb403cc7a57bc6641554f1c6caff4b23bd0,2,264,"2025-10-15 03:03:00"
55,4,5241a4ae202066d5b74468413145ee20f5d827af,4,124,"2025-10-15 03:03:04"
56,4,8ca487e96c4a3686a991d469de92e50ed4ed4085,4,56,"2025-10-15 03:03:08"
57,4,ce2e5f75d85c97ef6533d5925a8581e7cb4f110c,22,252,"2025-10-15 03:03:11"
58,4,0b83b6dfd1d4c647af8b1302cb512205014f4641,11,663,"2025-10-15 03:03:20"
59,2,909b89680f55641a0b61a3c7ecf6554f3da06cbf,5,14,"2025-10-15 03:03:34"
60,2,e8dc4736a2300e5a2a9a9ae864dbbf570a86b27b,43,338,"2025-10-15 03:03:49"
61,5,2616ba4289472666459e5e8e0bb358db1a8a23be,1,2,"2025-10-15 03:04:20"
62,5,97f630e5b701226ef61d80d0c3cd5d74cb890455,1,2,"2025-10-15 03:04:23"
63,5,5eb68b81127af40243edaca9c0e5d41ea0b4d051,1,2,"2025-10-15 03:04:27"
64,5,54b11fc32d8a8c171f0eae15e914b772a76e42b2,1,2,"2025-10-15 03:04:30"
65,5,7a1ca5d112a4009d55ba4bb192b2e99d93cea822,1,2,"2025-10-15 03:04:33"
66,5,2066a5521202a94621f57c29bad3949152ffb1a0,1,2,"2025-10-15 03:04:37"
67,5,83fe3e707b99d135deb9de071ce87fe4b07c563f,1,2,"2025-10-15 03:04:40"
68,5,bbd593e869ec571287eda0613a2b9107c4fa81f8,1,2,"2025-10-15 03:04:43"
69,5,8a6579db7f145ac6c145d719eae9b47b5dbc5819,1,2,"2025-10-15 03:04:47"
70,5,6bea1cbb9793f03c7ab08063a4435b94941892ef,1,2,"2025-10-15 03:04:50"
71,5,82944a4d18fe7c60b2718f5b06c7912c9dfff1cd,1,2,"2025-10-15 03:04:53"
72,5,5fb63b01deeac7d272db488ceb00fda1d1b4dd8b,1,10,"2025-10-15 03:04:56"
73,5,cb6c595484b02ca26c2f9b8df6960afc4ce8c2d0,1,10,"2025-10-15 03:04:59"
74,5,9176504425a36b4d349b14fbaf68aec5278194ec,1,10,"2025-10-15 03:05:03"
75,5,f1f7b1a08a7a49cd40eb15ec2d079093afd504c7,1,2,"2025-10-15 03:05:06"
76,5,f37b8c3645479039199ceab1041a7d047b0b1926,1,2,"2025-10-15 03:05:09"
77,5,5b14c5fc45f0eff0bbc6fa3947635e4bfced711a,1,2,"2025-10-15 03:05:13"
78,5,037314f9a244b3338022e23ec41e2c462fa8208d,1,2,"2025-10-15 03:05:16"
79,5,88f0d910c5c90f8717eb9b275cc0a53305b529cf,1,2,"2025-10-15 03:05:21"
80,5,782f0d43aa9554b170160ad63cebdf79a4d6bb3f,1,2,"2025-10-15 03:05:25"
81,5,c824eacdb7758fe19ce801b5bd18a2bd2f275991,1,2,"2025-10-15 03:05:28"
82,5,72f47591b05e877a91eb089810f6400d32fc06f9,1,2,"2025-10-15 03:05:32"
83,5,fcfb799886d5ad598e0ba079bf8ed0ecaf901734,1,4,"2025-10-15 03:05:35"
84,5,370eb4b7045b22dc05cf5a6cdde2fe4dfc79c3aa,1,2,"2025-10-15 03:05:39"
85,5,2d32c860f2a85bcbfd26631004d6288d67dbe37b,1,6,"2025-10-15 03:05:43"
86,5,c6a225ff46425339778b29a587a1aee921ad9501,1,8,"2025-10-15 03:05:47"
87,5,0511fc48ffec746f941c4d3839de9a5bc6b30572,1,10,"2025-10-15 03:05:50"
88,5,cf9ddbf5528c1584550bd29e2bf2842d118b15f9,1,2,"2025-10-15 03:05:53"
89,5,70a226f408b64d0ef0ac10ce29de99f2bcf2ce44,1,2,"2025-10-15 03:05:57"
90,5,ea6f1c14298bbfe1e8849b926f6f5c51b8355f64,1,2,"2025-10-15 03:06:00"
91,5,466a7964998d8899a7bc7c599b49631afd7a5649,1,2,"2025-10-15 03:06:03"
92,5,6db39ffe09a7ab1d072ff0d8834f374c63f85eb8,1,4,"2025-10-15 03:06:07"
93,5,215bc0e4fd215d00cfb23765e92e2f70c4287ddd,3,17,"2025-10-15 03:06:11"
94,5,03bcfa2e486cef9a90a5f9d0fbfa79a6c7bae480,1,2,"2025-10-15 03:06:14"
95,5,0abe0533208e9dae7c1d5bb6eb944a3eb11b6487,3,73,"2025-10-15 03:06:17"
96,5,e20208d0caff5edc026c5f8f81b5b300c1e90e0b,1,4,"2025-10-15 03:06:21"
97,5,5672156c5b1846c63a76b7f6746745bde4aa637b,1,4,"2025-10-15 03:06:24"
98,5,0cceb0404e262bc448440dc3ff383107cac09253,1,2,"2025-10-15 03:06:27"
99,5,92817d4f0e0986ad6b3fb34735b3d988d2455e1f,1,2,"2025-10-15 03:06:31"
100,5,ca75b719d96467f13ab8ef2bfd6f9478f701fda5,1,2,"2025-10-15 03:06:34"
101,5,dd617ac3fe89c8083af56bee3364b1e812cda3ed,1,2,"2025-10-15 03:06:37"
102,5,831851d83f93471987c4e274aa3b5c9fa934cb0a,1,2,"2025-10-15 03:06:41"
103,5,33f1226b27e96a14c0f3ac14cd21e4789727f236,1,2,"2025-10-15 03:06:44"
104,5,449e5f0ca2e81dbd9f110175b56482666bf570fa,1,2,"2025-10-15 03:06:47"
105,8,c11ab1e5e24df8cdb94f7fb69c3f9228cfb10c13,33,1084,"2025-10-15 03:07:16"
106,8,76b7c5f2ad2b18745d8843d2cc97ad75f49e8755,8,205,"2025-10-15 03:07:39"
107,6,5ce1438be6228e09a510d44fe64256104e1ad2ca,1,4,"2025-10-15 03:08:28"
108,6,1d6483c9e78a5daf45cf0098190a2ce39cf19289,1,4,"2025-10-15 03:08:32"
109,6,682ad665f51ede9d33bcb934e355f52b5e1ce218,1,4,"2025-10-15 03:08:35"
110,6,32ca67abc70e4d69129195b2473e812290f48029,1,31,"2025-10-15 03:08:38"
111,6,ae4a69a0f39a27580a593d26919c6c8fd22bf0dc,1,31,"2025-10-15 03:08:41"
112,6,c14b57a3eba14c10251afbfdbea221891b43259b,1,31,"2025-10-15 03:08:45"
113,6,39fd80302cd5fe9a27585b3a7313a147ac10ca50,1,2,"2025-10-15 03:08:50"
114,6,fa62dc8df52aa5001f9b591ca3a98ef79c08bb9c,1,2,"2025-10-15 03:08:53"
115,6,ef25b0503dd5d5e9bdfd997b121ff01c3381c024,1,2,"2025-10-15 03:08:57"
116,6,c3e0e1b93d1d8810ceeb426abc9fbef736d96055,3,41,"2025-10-15 03:09:00"
117,6,0c7e49ebd1ee17f0ef8dbd0275c975081a51cd9f,2,21,"2025-10-15 03:09:10"
118,6,8a1aceeaeb672983c7096a59e32c598d33feb1b2,2,38,"2025-10-15 03:09:13"
119,6,5ca677125cfbb72fb1b4680ca97cdf1ec28133fd,2,38,"2025-10-15 03:09:16"
120,6,9bd5c1a3c27369f76dad1ebacb9eeef4481c530c,1,13,"2025-10-15 03:09:19"
121,6,54d60da47b5c2e0de5e59e91b64dea56fae2f222,1,3,"2025-10-15 03:09:23"
122,6,a4f49bb423372a892e39f0555505e9d7619e1481,1,3,"2025-10-15 03:09:26"
123,6,285afe204084db443f9febd4f05ed182a79228a6,1,12,"2025-10-15 03:09:29"
124,6,85082ac8ae18969ec916bb2eb72f1e4d1a5d14db,2,15,"2025-10-15 03:09:33"
125,6,879b7e6ccecb7a596f22ed6a69d6b20606757213,4,225,"2025-10-15 03:09:36"
126,6,2b99049403ca09e484e6be4002c163399d032fa7,2,15,"2025-10-15 03:09:40"
127,6,ddf26080d606caa441c7dd4480e7df2c6c1ff311,61,332,"2025-10-15 03:09:57"
128,6,80de606c5625f3373a9fa95287709e61734ac6fd,51,234,"2025-10-15 03:10:00"
129,6,4587c823302fb585458c27a4ea745b41d39c477f,5,23,"2025-10-15 03:10:04"
130,10,06efab5cb2e1fec496fb7fcaccb15dc0327e0d84,1,110,"2025-10-15 03:10:10"
131,10,085b8795d58504656a77773b76c9a59f28a71a5d,5,78,"2025-10-15 03:10:13"
132,10,60c7ba40a68eab9edaaa763ef1bb6779a2c40afe,1,9,"2025-10-15 03:10:17"
133,10,df870e6902113d05edbccf59a51716972063f9ff,1,14,"2025-10-15 03:10:22"
134,10,599beb79120a78b924d7b6831aa1cfd8e0a60635,6,120,"2025-10-15 03:10:27"
135,10,3476c36a2a4553a303c718589f4fbfee80b5afa6,1,2,"2025-10-15 03:10:42"
136,10,ec1ac4cb2db75976aa3398c4542877c61f1a3971,19,874,"2025-10-15 03:10:46"
137,10,fd95876d8fc3f3951525cbf7c836a2736dd60eb2,3,246,"2025-10-15 03:10:49"
138,10,b661eb8ff03e2808dd8a9979c2a7b18db1d9f0a4,8,303,"2025-10-15 03:10:53"
139,10,575854952a39809023e7e487ad7916c921e83a4d,2,531,"2025-10-15 03:10:56"
140,10,dabc52ef7389233144370f8193e020ac5ccc0b0a,15,220,"2025-10-15 03:10:59"
141,10,51aa03b256259a51bf6ffd855e585d589296a6c5,12,739,"2025-10-15 03:11:13"
142,10,413cd0c6976b2ef42553212665f31bab8c86b9dc,6,217,"2025-10-15 03:11:17"
143,10,e44d5f3714e14536739e8247d31e180495d9d73d,10,54,"2025-10-15 03:11:24"
144,27,3ac73ed33f514367a121ad08c62ad05c560d7db0,2,517,"2025-10-22 02:33:03"
145,27,479920b32b81ec80f7cf542628180245d98951e8,6,2833,"2025-10-22 02:33:10"
146,27,6c9b427ee1d716c09b7e3abdf8ce2cf0b3bf29f5,2,4,"2025-10-22 02:33:17"
147,27,8c06610a123bc1beb44ac5fd9c04c75cebdf26c5,1,2,"2025-10-22 02:33:20"
148,27,1cbe8c129bae5ea83cddf78f27d87c4b188edd31,7,59,"2025-10-22 02:33:29"
149,27,ec1e960c9b49718f1038d2b41281a71c955e0fdd,1,6,"2025-10-22 02:33:35"
150,27,4bcc7361359a33448fde7c05aee3ed5361c5a30d,1,4,"2025-10-22 02:33:40"
151,27,3c18f4c3166a29f6827f9401fac1a33fea4c7990,1,8,"2025-10-22 02:33:46"
152,27,ac2599cce07d6386b08c749c8e4799a9d1da1d74,2,19,"2025-10-22 02:33:49"
153,27,d0a3be071039697c34b743ceef2a4c45bf5a9af7,3,72,"2025-10-22 02:33:54"
154,27,bb561e1e7abc48818e669c3de518165dde0c97bd,2,3,"2025-10-22 02:34:01"
155,27,c21037fb2ac75ed48c50bfd1c59668f4142bfa6b,3,43,"2025-10-22 02:34:05"
156,27,0dd3818a2c4274fb16840c9f45b44acf44fc5472,1,7,"2025-10-22 02:34:09"
157,27,5273ec689780c37e813a3f93398ad51d3322c191,2,44,"2025-10-22 02:34:14"
158,27,255352b020cde236d036302720319e83caaff127,4,34,"2025-10-22 02:34:18"
159,27,211982e4d00f220bcc0f34b06cc687e8094e40a0,1,17,"2025-10-22 02:34:23"
160,27,e3a8fce86a35902b07a0375be6400b2dcb3b0aec,7,28,"2025-10-22 02:34:26"
161,27,3f4e535d99523ba0ae634af804f56b8db71b0187,2,23,"2025-10-22 02:34:31"
162,27,5deb2deeb3507a39fca4ee17d29e45113302b93e,24,1192,"2025-10-22 02:34:35"
163,27,e320c993c4ee501b488dadb0a6bfe64f91ce7404,1,2,"2025-10-22 02:34:39"
164,27,b15f9bf26e68b794f8abc4286ab5c51d312bb3d5,1,21,"2025-10-22 02:34:43"
165,27,626f08127c0a65a099cd9952fddfb2501813e627,2,59,"2025-10-22 02:34:46"
166,27,5eb81c00292f470e92842e53cc1085dffdaff1b3,1,39,"2025-10-22 02:34:50"
167,27,453b43cbf0003ce182e37a72d9fc43b882d39187,4,13,"2025-10-22 02:34:57"
168,27,0cf178cd53f7cc7cf03f2a65c13708ed15fe950a,1,20,"2025-10-22 02:35:01"
169,27,66bc2fb515dfc0036da7e83d5b136a01b803b7c9,2,24,"2025-10-22 02:35:04"
170,27,154c8f204f218c61b76240770b973af6257315ad,1,9,"2025-10-22 02:35:10"
171,27,6ffe9bb17a0509c4a578938aa2eb998c4851ecbc,5,11914,"2025-10-22 02:35:13"
172,27,733999b4241a6cb084d0da970a8ba0fe99943099,12,188,"2025-10-22 02:35:18"
173,27,f32822269f2ba92e134c1949b8883527f1056f6c,1,3,"2025-10-22 02:35:21"
174,27,5a715162dfb2d86d7a233ceaca75998a418cdb2d,3,24,"2025-10-22 02:35:25"
175,27,1ffaac83dbfca57d197ce849742a72c2c6e09fdc,1,7,"2025-10-22 02:35:28"
176,27,a52e6d0adee68f9f90fcb512c86afc29dab3a9ff,2,42,"2025-10-22 02:35:32"
177,27,6b70fcd3ed0d5639e34ba68330954d3a9d5d47a5,1,4,"2025-10-22 02:35:36"
178,27,3badc2aba531f0dbb956ec918341fed3ca69414f,1,3,"2025-10-22 02:35:39"
179,27,33d7e1ca59f8c17d7b3cd17af14a6f68c181c2ab,13,3654,"2025-10-22 02:35:46"
180,27,3f39884cb0d0dddd86673b3826aad6fa508416ab,5,44,"2025-10-22 02:35:49"
181,27,71c1622ae3c145e5afaf6bbdd0a2edd274f49864,10,3855,"2025-10-22 02:35:53"
182,27,328fc724a64ead26f13ccb97d1ce6075b6fee173,3,43,"2025-10-22 02:35:56"
183,27,c4cb2254eca3c70199f1de5e39e3872c8c42e473,8,125,"2025-10-22 02:36:00"
184,27,13bed129980592cfaeda65527ece613ac3f0e2ef,2,7,"2025-10-22 02:36:07"
185,27,aebf9bc07bc54979633f3355ada3d3e6e12986a3,10,324,"2025-10-22 02:36:11"
186,27,4e1c3dce12039934c006b8f423ecf6dd68f2d178,2,14076,"2025-10-22 02:36:14"
187,27,6c6e5ff71ffdc46c920348a573dc3ce6bbe25f59,1,3,"2025-10-22 02:36:18"
188,27,7340d68dd808bc1c940be18af30668df8826a283,1,2,"2025-10-22 02:36:27"
189,27,fef8d36eee10ad18bed82b8cbf4db4bce980fb45,6,263,"2025-10-22 02:36:32"
190,27,f0f24b95502a96511e1a6475b8fa222adefc44c8,1,30,"2025-10-22 02:36:36"
191,27,af7fffc3aedce7b37efbc87abaa273ddedac71bc,3,43,"2025-10-22 02:36:40"
192,27,5ad87445d88a1430c73c2259accce1e79a164a31,1,4,"2025-10-22 02:36:43"
193,25,91cb47a80f1725405f0470a69eac77ed21112b1f,1,89,"2025-10-22 02:36:47"
194,25,f56297fde68ee475349032d3f03fb622463effbe,5,19,"2025-10-22 02:36:54"
195,25,1eadcada9869f766fc0f08a6a9585d3b765718c6,1,6,"2025-10-22 02:37:00"
196,25,0d203b4ad0b62b120bcc884b8c2b003b574495a7,149,17752,"2025-10-22 02:37:04"
197,25,a324a836652f909efb683e8912566d8ab446291b,3,94,"2025-10-22 02:37:09"
198,25,91a6fa927dedf9da61167b91c1bfadf6a2265848,44,1456,"2025-10-22 02:37:13"
199,25,7bb4408f319802c2546af700b6fca80d1fcebc94,3,149,"2025-10-22 02:37:16"
200,25,71e4cd8e521010c1d145e0ddc42a1729f41c6a12,8,278,"2025-10-22 02:37:20"
201,25,367df00e258f4f1583a51e9ce2c9d57504c3888f,83,8010,"2025-10-22 02:37:23"
202,25,2b837ca2c464297a8334324c81fe285524271044,60,7153,"2025-10-22 02:37:27"
203,25,3a2322396f0d40faabc24c77bccbc89bba32acef,1,2,"2025-10-22 02:37:31"
204,25,27a22fe8a1e335fd7a0d9883bd1d6c24bc11ebf7,6,30,"2025-10-22 02:37:34"
205,25,fc67880b333154d38b26fa3cc266a5fd3086e0e5,1,151,"2025-10-22 02:37:38"
206,25,0aeffc9bda8a7ce6f117046e30cb0f9cc9b5dfdd,2,23,"2025-10-22 02:37:45"
207,25,502a04858f0f2e6ad091a2c135e31cb251055a2b,7,133,"2025-10-22 02:37:49"
208,25,d9811a07b67a24a3daff8031fca85eda1a354211,1,25,"2025-10-22 02:37:54"
209,25,b0990518e5428204e133944a3509b9751312757a,1,2,"2025-10-22 02:37:57"
210,25,0896c192e10722289679715927e8009734d2af31,1,78,"2025-10-22 02:38:03"
211,25,63ee8dfb19e94bcf867f55190fd8b01fd399afb2,5,920,"2025-10-22 02:38:08"
212,25,f4899f02a413637d8dbaefe35139de2b170afbed,5,14,"2025-10-22 02:38:14"
213,25,55bc0b236eef2029925bd4c1b74476db5d2866cf,3,65,"2025-10-22 02:38:20"
214,25,1df7f6b8f66e79adfe2c4af6689aca8d3cb3b3cc,1,21,"2025-10-22 02:38:23"
215,25,3e188e3942bd11c5b59a56582e69c7dfc1a437b0,1,2,"2025-10-22 02:38:27"
216,25,b86f474e27998195af1249ccc6d2ccc9343566ee,1,12,"2025-10-22 02:38:30"
217,25,091ce30f314156990fcd54b595595cc6f8cf484e,2,34,"2025-10-22 02:38:36"
218,25,31445147171f5cd8bd63f72a7ee394da13d417ce,1,6,"2025-10-22 02:38:39"
219,25,3307687cb47842f5d031a9229b071804c69b4b00,3,96,"2025-10-22 02:38:43"
220,25,b266e1c967268f3d41f28080ced0f12b124cc3a6,2,13,"2025-10-22 02:38:46"
221,25,8e4dd907ff26c429b4d0712f5bc22d98adfd58c3,1,1,"2025-10-22 02:38:51"
222,25,534b822a0bf207249055e5c39dc051a5a75c7f32,3,50,"2025-10-22 02:38:55"
223,25,375220cb9295ef8c40f146e543b890d97408cfc6,3,47,"2025-10-22 02:38:58"
224,25,dec5c1cdd5dab704ace35be5add03dc128fb15ba,5,12,"2025-10-22 02:39:03"
225,25,4e931cbe83dcdee7cbd935e7e0048527624de597,3,64,"2025-10-22 02:39:08"
226,25,aa23a4acc9aeefbcedb2f2a9f7ecb18584cb6cdc,5,29,"2025-10-22 02:39:11"
227,25,2a16ff1b3a652368be9e83af65ee203ac3207007,5,14,"2025-10-22 02:39:18"
228,25,19112782053182cc87ce736b2197bba5151ec835,1,1,"2025-10-22 02:39:22"
229,25,ba380bbc8acd2f01ade8dc295ce02224720e808d,2,493,"2025-10-22 02:39:26"
230,25,a5fa6df5f2d8a236a982c6983b0029456a7d8480,1,5,"2025-10-22 02:39:29"
231,25,6605b4abe3e837247656f741815eed7222a980f3,1,24,"2025-10-22 02:39:33"
232,25,8200afb3cca1fbcdc97d5ebc233b372e1469b76d,30,1967,"2025-10-22 02:39:37"
233,25,02d28add0f7e15bc74e3d6ae954dd8b288473b16,88,7,"2025-10-22 02:39:41"
234,25,a983ef804bdda9340f3df865b75151445d5a0e95,77,30,"2025-10-22 02:39:45"
235,25,a8f0f92874f19d28c6080e46bed550fb7275173a,5,14,"2025-10-22 02:39:48"
236,25,74290ec294613849dcd665bc0aa4973128b441a8,93,4065,"2025-10-22 02:39:52"
237,25,fca248c48b24dad0904a1cf74ef6828c775f2c9f,1,5,"2025-10-22 02:39:57"
238,25,f5b509b376199634ac626fd7811aafcb8c62008d,3,394,"2025-10-22 02:40:00"
239,25,59b87ca10c95d274253a49d3fc8820cc71c36d7a,3,49,"2025-10-22 02:47:28"
240,25,925cf178c880b7fabc1ecc8e0e5bca8cad9f5d9c,4,69,"2025-10-22 02:47:32"
241,25,58237ce4bc1d1651b37ac0ffd526445a5c418ad7,1,12,"2025-10-22 02:47:36"
242,25,66d671240f4d56159beaeee2c554f6825f0dd376,3,38,"2025-10-22 02:47:45"
243,25,2b6d331fa81a2217fee41ddd4478d266f77038ce,8,103,"2025-10-22 02:47:49"
244,25,f672ae8d8d4514ce80d6945ccd73262626357688,5,14,"2025-10-22 02:47:53"
245,25,ba4e1c7865483bedefb9c17df5209915c9e79eeb,13,322,"2025-10-22 02:48:05"
246,25,ee6fca1349b00219e4d015931e8382f0acfa43a7,1,4,"2025-10-22 02:48:11"
247,25,e1264657d3f951e92db29550070e7e825a7d2164,1,3,"2025-10-22 02:48:17"
248,25,9079a0c314e42b7fe9dc902a979c3024d3dc481f,1,2,"2025-10-22 02:48:21"
249,25,9b5b22c99963164550f621bf0190e25f57e5c316,1,26,"2025-10-22 02:48:34"
250,25,202d0909a811d96c82aafabdf4099a05b1ced8d6,5,14,"2025-10-22 02:48:38"
251,25,cfea6d18e5cb726de65f5bfbef09097aa0a6d469,2,9,"2025-10-22 02:48:42"
252,47,af9375440d886e97e8b7512e086d4715e47e4f7d,1,9,"2025-10-22 02:48:47"
253,47,9f2fc7409f64b0369249d160ff491332e9bbedb4,3,13,"2025-10-22 02:48:51"
254,47,8523a51623b3f9196a5002da0e4a842488d340ba,2,11,"2025-10-22 02:48:56"
255,47,16831825b8ff4546507a9539d634ca0a3108c1d1,2,22,"2025-10-22 02:49:00"
256,47,1e37fe2deeaf3ffc9d858771e7695de9cbd586ff,3,34,"2025-10-22 02:49:03"
257,47,5607444bad100a9b7aef0bbdb7e4b2152165a371,2,410,"2025-10-22 02:49:07"
258,47,3a7223e460a92c6eee690b2308175fa9958deff4,3,20,"2025-10-22 02:49:11"
259,47,553438e2274e6b6b7c96833394ada3e4513d4e12,2,60,"2025-10-22 02:49:14"
260,47,50a570290a30348ea5005eacb7345ee85032d8cc,2,16,"2025-10-22 02:49:19"
261,47,6b7ddbbe92c91f8098c738ef9b809a68651fbfb0,1,2,"2025-10-22 02:49:22"
262,47,2b531642534c1368a0bade8201eb5e888b4f25ac,1,3,"2025-10-22 02:49:26"
263,47,b153e61f0dd52fd17b62e5be3d8816cb85243970,1,4,"2025-10-22 02:49:30"
264,47,9bd4357f37b80a593bb92aba310fa971a49e1a5a,1,3,"2025-10-22 02:49:34"
265,47,dad209feb81ce7898dcf56c25012ba89770241a8,1,4,"2025-10-22 02:49:37"
266,47,e21e98aa83799c2ece2b7d84dee5f8456dd7f6bf,9,377,"2025-10-22 02:49:41"
267,47,c998b3f100abd2827277939971ab2a62f68e4486,3,24,"2025-10-22 02:49:44"
268,47,02fffc9e741635e9aa74c381ee291d8b5f098e82,1,18,"2025-10-22 02:49:50"
269,47,5ca4c39313226cdf82e8486677208624b708cb41,1,39,"2025-10-22 02:49:53"
270,47,3162d7093d45a5a0629e8a23d3c9c3606c9df6de,1,27,"2025-10-22 02:49:57"
271,47,f350fbdc0ad2fa9f378d94ce9691f4a0e5338a37,2,27,"2025-10-22 02:50:00"
272,47,2d0dcf0e5db3065232f233d871d8b982f00295ee,1,13,"2025-10-22 02:50:03"
273,47,515c05c873f17e5ce6097f3a348fb5b3af98cb52,1,5,"2025-10-22 02:50:07"
274,47,7ee551cbf76aff5ecfd255776ca6a9e216ac5325,1,39,"2025-10-22 02:50:10"
275,47,44ed76ebb80447e7b8b0d55f1f09420afca0d141,7,26,"2025-10-22 02:50:16"
276,47,fe836f75158e05de42533693ae9af02f04814e12,4,26,"2025-10-22 02:50:19"
277,47,b30544c750fdbe935e931b96b42d3a51ceba482c,1,7,"2025-10-22 02:50:23"
278,47,b391188baf5a751f78204bf938c2a93e4e88109d,5,46,"2025-10-22 02:50:28"
279,47,f53749bfc563cf0e6cb15c8cf826fa1a8d782913,1,15,"2025-10-22 02:50:32"
280,47,80ca4366dbe624561f6949d8c8cc4901096c7b22,1,78,"2025-10-22 02:50:36"
281,47,be0d945d7d221c15b8191f3da5eadfc0242fe613,1,6,"2025-10-22 02:50:39"
282,47,5a968b371518088e54252af50e091ec516c863b5,1,2,"2025-10-22 02:50:42"
283,47,1e5b8a202177f166c221054bfa68e93d372b7034,4,106,"2025-10-22 02:50:46"
284,47,ff82fd65320df6b85da122d7fb28455d8cd3e990,1,10,"2025-10-22 02:50:50"
285,47,b060f46ccf4231856fea0a5eb56adc091fea1399,1,2,"2025-10-22 02:50:53"
286,47,7e31b4053175537f894b8ad092e46c0cbc0217fd,3,44,"2025-10-22 02:50:57"
287,47,b2b3223d1d26e607736f1c1fe7350b38f77a4419,2,25,"2025-10-22 02:51:00"
288,47,fea4d8210a52e2004e4988e05192a8dd38f66937,3,26,"2025-10-22 02:51:04"
289,47,fb3d2c681176d9cc1e3c0036ef329f2f0a59026c,7,95,"2025-10-22 02:51:07"
290,47,3439c48948da979ead6dda4205d85343b266d9a8,2,205,"2025-10-22 02:51:11"
291,47,2b8a309ec70370fc3edec113e0fd36b60ba60f67,1,7,"2025-10-22 02:51:15"
292,47,9373429015c0f25318b703833a1d7913676f2aa3,5,11,"2025-10-22 02:51:18"
293,47,9493ff733d0bbfc10c4e5a9f34407e4616cd18a0,1,24,"2025-10-22 02:51:22"
294,47,b0f3ff8dcc7628702a9e480c08158677ad84435c,13,413,"2025-10-22 02:51:26"
295,47,5c61f2fb568af20db70a603b192634dd6d41eba3,28,1068,"2025-10-22 02:51:30"
296,47,7bb619cf12bb187d072b21939640e18846fbf1aa,7,20,"2025-10-22 02:51:33"
297,47,d66a15fe3597b7960d974ff02c07c0af9c4a765d,12,173,"2025-10-22 02:51:37"
298,47,aa05d8e2a0e6e62d2bf07f469892de0091c437c1,8,349,"2025-10-22 02:51:40"
299,47,5ff64496205cb699e2ddd9e752d7010a97b41aaf,2,27,"2025-10-22 02:51:44"
300,47,bbea8029148969195a41f65b17ac650c93e64580,2,101,"2025-10-22 02:51:48"
301,47,e2219c88dd313ec3b381d66a9c9127380f17274f,5,68,"2025-10-22 02:51:51"
302,47,eaacc01b7783e257bab27e0132bd8aba2c81bb7f,5,131,"2025-10-22 02:51:55"
303,47,caa46f367262635ac1b2e5e2d69c67956b6ad79e,1,19,"2025-10-22 02:51:59"
304,47,c0ff058fe1d07649f0f4c870f4c318abe9103ed4,1,87,"2025-10-22 02:52:03"
305,47,059f21208d19dfa07bfcb498ee66a167f536c48b,1,12,"2025-10-22 02:52:06"
306,47,8ca900377a5128216467994b87944549719fdd7c,3,94,"2025-10-22 02:52:10"
307,47,6dffcc8573731c36f5e245eba435783a7fb69ffa,1,10,"2025-10-22 02:52:13"
308,47,711971599ff0e1b433045804f64646a120e14300,2,86,"2025-10-22 02:52:17"
309,47,d457cd835ec431d48eced5d8e7c372ebd79a11ce,1,2,"2025-10-22 02:52:22"
310,47,cf9c64629e46a1661cf8c21121a4565f92b7bbf6,5,38,"2025-10-22 02:52:26"
311,47,307547746cd371381467ae12eb3347e15bdb450b,3,84,"2025-10-22 02:52:29"
312,47,c7d5ed4ba1caed8074e95079041488a656de428e,1,7,"2025-10-22 02:52:33"
313,47,b9ed5caf05576765cefe9975d189bcb7535e5959,3,24,"2025-10-22 02:52:37"
314,47,348d218120a0f671034e452bbfb8236cc0e9ef45,3,8,"2025-10-22 02:52:40"
315,47,e2a64daad893b6ee6278a0f45c60a639fe35940d,1,9,"2025-10-22 02:52:44"
316,47,1413cc9196dd76127fc41252cc38ac83ace5b8f9,3,95,"2025-10-22 02:52:47"
317,47,04c11ec8eb13f8c24611cf927a93bdedd22bbd8e,2,171,"2025-10-22 02:52:51"
318,47,54145ced5e7789f7ec969aef3858413fbeb35cda,2,86,"2025-10-22 02:52:55"
319,47,e233bec66a5d97e36f3eede442f3176543d044aa,1,9,"2025-10-22 02:52:59"
320,47,67e0928d805bf05373ba5f79f3d7b5fbe9bfc344,2,6,"2025-10-22 02:53:03"
321,47,93dac2d335a63e05e726754eae02614ae02b5156,15,349,"2025-10-22 02:53:06"
322,47,9baeff55e4d90e5b2cf80f903d7673a51b0ec95e,23,2687,"2025-10-22 02:53:10"
323,47,ca79258e4f64591f52e482bc39899831010b33d4,1,11,"2025-10-22 02:53:13"
324,47,0e4c5c40d7c426c4c2a8eb4dd695dfece1ff3779,1,36,"2025-10-22 02:53:17"
325,47,c65477d97a1605666e2d41db58054a5a8a3937c8,1,2,"2025-10-22 02:53:20"
326,47,b4074206ca87fa2a40fa618be87b2e654543e4e6,7,116,"2025-10-22 02:53:25"
327,47,98677c5bc8a95879976a793b3a3deb39bfa450e8,8,50,"2025-10-22 02:53:28"
328,47,163f71997142919ee1034e668b3bbe14c6e3e83f,4,18,"2025-10-22 02:53:33"
329,47,55a5e7592bb39170004b7dddd4083ed5c66d8e80,2,45,"2025-10-22 02:53:36"
330,47,259008a7cd6a213315a9b19549414a2c58cd3695,3,9,"2025-10-22 02:53:40"
331,47,26ba84e27e31203c98bc1121b32c78dafb3274d1,1,2,"2025-10-22 02:53:43"
332,47,c8ef9552ec40fbd8eb032f4d8efa2a9edf2f93c8,1,8,"2025-10-22 02:53:47"
333,47,bff394042a1122e5149441e2d266ada6ef217601,2,12,"2025-10-22 02:53:50"
334,50,0011ae9a891006325a54256ecff2c04a85edb3e4,11,362,"2025-10-22 02:53:56"
335,50,7bae144aea0d96d1bd710808acf443f69a17feac,3,648,"2025-10-22 02:53:59"
336,50,a71fa6add0c2b62ac194b3a7bb0f78d0ad4e75f5,5,68,"2025-10-22 02:54:03"
337,50,0b375e47ed2828436148db60edcf156152d46d08,2,42,"2025-10-22 02:54:06"
338,50,fa3e37fa0575dd27a38d372e5b5988a5ae5d1571,75,1199,"2025-10-22 02:54:10"
339,50,16c0a1d74f70143b5da37a2ab4e52fbffe83d5a6,23,318,"2025-10-22 02:54:13"
340,50,77fa5e84a2a478b3c0d6f5d9cc8de674234affac,6,48,"2025-10-22 02:54:17"
341,50,81ebdebf67941ad83eb44c14b1150fbbb146bc92,300,2837,"2025-10-22 02:54:21"
342,50,8917bb77eda71e2fb179564373ca130ae79653a2,1,3,"2025-10-22 02:54:25"
343,50,6b822813ab65450372a79704af9aaf25f828b9e7,1,4,"2025-10-22 02:54:28"
344,50,fb832684d3e2fd56ff682774b526404fff10937d,1,2,"2025-10-22 02:54:32"
345,50,646cff149831a72e129e777ea87c52a880fafbfb,1,20,"2025-10-22 02:54:36"
346,50,6e579d4257f04aebb2758fe0da9ee580756dd63c,300,3850,"2025-10-22 02:54:40"
347,50,83ede271854e4628e85e48d851a3e911c05380c6,33,2045,"2025-10-22 02:54:43"
348,50,7f4bf8c99f02688e0b75cb5f2177cca162f16b36,3,56,"2025-10-22 02:54:49"
349,50,43b68cd81e81014c8576254908f91bbf5b620ed7,2,107,"2025-10-22 02:54:52"
350,50,c0a58c10b788bd576d51f0beb042021fccb92ee3,4,19,"2025-10-22 02:54:56"
351,50,6024bcf12279d04543ea218afe737a6c6ef80805,2,13,"2025-10-22 02:54:59"
352,50,915edd29824dbaa631a5cf7a4c9f3d037ba78572,7,14,"2025-10-22 02:55:03"
353,50,88d90f143404e7c291cb7daf16c2e8e453eab511,7,14,"2025-10-22 02:55:07"
354,50,96a47b73694c0f76fd39c665ed4465d45d7f8ee5,4,211,"2025-10-22 02:55:12"
355,50,2e788bde25cc1cc41e903b0ba7a6e5a2f4c04dee,4,74,"2025-10-22 02:55:15"
356,50,b5169b4264145b48c75c3e840b78e85d989edd5b,1,3,"2025-10-22 02:55:19"
357,50,9d3135c65b90dbb4088f76eda25af457b1f776fe,2,7,"2025-10-22 02:55:22"
358,50,2e6bb735fb2d8b1f9a24c51eda742a245d690a4f,1,8,"2025-10-22 02:55:25"
359,50,a179bb9750ed64c897b6657f0e27cfcbec7ae566,2,15,"2025-10-22 02:55:29"
360,50,76299160248a1b74ef5829af040bf00de33c5104,4,159,"2025-10-22 02:55:33"
361,50,0444f4f532543ee55e7d1c5d830ab1776488be18,4,19,"2025-10-22 02:55:36"
362,50,ac484261c03ce8f445230a1438c99d3b19e55d28,5,103,"2025-10-22 02:55:40"
363,50,c8b12f0701ba68c0e5644fdd25f6458b7cb2f98a,7,205,"2025-10-22 02:55:44"
364,50,b1fda6d046bfab3d04ca251d1b9e314c97b623e9,5,23,"2025-10-22 02:55:47"
365,50,1121b304c2d00f5533bab519bf6325e4b5e56e1b,2,23,"2025-10-22 02:55:51"
366,50,a67023f80d2baa16b8f7b190a0c57992dd29610b,2,16,"2025-10-22 02:55:54"
367,50,978f805ce35efbdca03e0d56a6dbfbee676cc34b,1,4,"2025-10-22 02:55:58"
368,50,9253b6dacca136e4689e472009a1c18887926ede,5,26,"2025-10-22 02:56:02"
369,50,a6498d1a2c776ce6a2888cc62f269cab1dedcf26,3,35,"2025-10-22 02:56:05"
370,50,d7d5d4968626df52831526d5966bcc621568ba09,17,451,"2025-10-22 02:56:09"
371,50,d97cb18a200fce0e6885c6ffad48cacb5c88ab4d,4,29,"2025-10-22 02:56:12"
372,50,7cd44fcc564e247bf38036bbbeef69e849d047f6,1,4,"2025-10-22 02:56:16"
373,50,5f1fa6f8f40af499b2fe122eab5bb6ef6b99beb5,13,354,"2025-10-22 02:56:20"
374,50,012d2673fba4cbd2fed403c22a530ce30a0e9871,13,135,"2025-10-22 02:56:23"
375,50,d02996546cb89bfbf13ec4d0a6d8791aa19adefb,10,133,"2025-10-22 02:56:27"
376,50,78994814779acd99b8b2e6557dca7f13c7b1a833,1,2,"2025-10-22 02:56:30"
377,50,e8e4269a93878391fc11598a2fc06f2182b6640d,5,45,"2025-10-22 02:56:34"
378,50,906443eb68194a68137b87266cd9d424e7199444,6,150,"2025-10-22 02:56:37"
379,50,7f3d6bcaf8c5739bb9a53c04ee9a31f5858bc04a,5,40,"2025-10-22 02:56:41"
380,50,2d31f3039ecf48af4ff13453b9e02fe9aaf6bc40,10,162,"2025-10-22 02:56:44"
381,50,3e3b625c95db991352d903aecc5973ab63d7673b,3,20,"2025-10-22 02:56:48"
382,50,a39f2cd2ff0e51bd98e1a2d4929125b0c7375333,5,66,"2025-10-22 02:56:51"
383,50,bf1e96f66fbee537c61bea15703ff891d08fcdd9,7,204,"2025-10-22 02:56:55"
384,50,1d6b44b479e54b7d8ca2d6df34bd3eb1a11a2af3,2,167,"2025-10-22 02:56:59"
385,50,3b527cff91349a5b635acd4845d5696bc2bfe225,2,11,"2025-10-22 02:57:03"
386,50,e206890a018348bc9a36b24efcc3be5a26150162,7,79,"2025-10-22 02:57:06"
387,50,2fa64f135639f39d2020ea3b072b0fa41cd3afc2,1,5,"2025-10-22 02:57:10"
388,50,c2f82eaf3f7190ef20593a1b0cd90965f0304b68,6,575,"2025-10-22 02:57:14"
389,50,7c18ed675964432bdd18118df11e6251c7b934f1,2,33,"2025-10-22 02:57:17"
390,50,d3a9b7130c11b0d49de5617629ad66498dd24506,4,64,"2025-10-22 02:57:20"
391,50,dcbe378070c46206e132c8216930c9a2a98f6bf8,2,30,"2025-10-22 02:57:24"
392,50,a428926a6733c51101ceeb1379902ae832f23c92,1,2,"2025-10-22 02:57:27"
393,50,e8c0aa25a77b16e3d81231faf1920a0a930c2708,6,114,"2025-10-22 02:57:31"
394,50,5e426599d8f497ef3006182bcacb0ffec586eb60,4,64,"2025-10-22 02:57:34"
395,50,6c2012851c84f1800f1dbdca8a25b65eefe07f55,5,82,"2025-10-22 02:57:38"
396,50,2a44a33461541ffc04f2cec52f846a5440ab19d8,3,64,"2025-10-22 02:57:43"
397,50,9a9f508ccbd74c7d51af2300cc41fb09b1be8f01,1,6,"2025-10-22 02:57:46"
398,50,8b76e1d2b210236269de78ee9433991ff9506223,4,57,"2025-10-22 02:57:50"
399,50,cfd0b918dda9339d5832b29fac84eab9170f1fb3,2,31,"2025-10-22 02:57:53"
400,50,bf56b0ca36c724e446d68f6b45cdc780fc80b860,2,27,"2025-10-22 02:57:57"
401,50,568a1a6ec87b5411daf861cdbca8e6b68d5f997e,6,655,"2025-10-22 02:58:00"
402,50,ddf756e6dd3f96c703c159f70fc507c611362ead,1,1,"2025-10-22 02:58:04"
403,50,63726ce0014c267c68f8abfdcaab621ac8436454,2,33,"2025-10-22 02:58:07"
404,50,f722a6ef1085a4d4da1295a82148ef966f81cf01,3,26,"2025-10-22 02:58:11"
405,50,3d111cebd4cbf79dbdcc4e97f380e12951a3316a,4,43,"2025-10-22 02:58:14"
406,50,f2df46a266b0207b15ac17cec1f486ed4aff686a,1,6,"2025-10-22 02:58:18"
407,50,e10d43dc2ebe33e6d0dbeebdad145e33ea52f151,2,34,"2025-10-22 02:58:21"
408,50,b0e18b44ac855a7604d1a24489e3cc9a07a11c4f,3,35,"2025-10-22 02:58:25"
409,50,6acce0f2fb2d8f431c6508ad07aeae1c61415ad0,3,35,"2025-10-22 02:58:28"
410,50,f38a8b77f69c0855c5685ae506b2c8e23d9e3b37,3,138,"2025-10-22 02:58:32"
411,50,8a4ee19e3e225d1ea574be9b27919d7d78a2ed0e,3,68,"2025-10-22 02:58:35"
412,50,f71c5f6ed786cee3fc1b8172beffbae347b46881,5,41,"2025-10-22 02:58:39"
413,50,a7ae808e007c14b60bddf975627ab8ebe802d2e6,4,29,"2025-10-22 02:58:43"
414,50,e53e717a34c04a34c373e39742eab885e6ed4d5b,1,27,"2025-10-22 02:58:46"
415,50,84598fa69d5bd233f0e148d60b45016f4f75ab9b,1,5,"2025-10-22 02:58:50"
416,50,d0fa315c1348f3d5b87d7a068a4ff46bc0c87c19,3,29,"2025-10-22 02:58:53"
417,50,3247822a8a59dff994b425d8cf97ef141edb1163,31,992,"2025-10-22 02:58:57"
418,50,a52319fc8aa9c2181604c1c90b7f0fe4655baac7,2,3,"2025-10-22 02:59:00"
419,50,1425180d8ae842aa7edc4b9ae7822a6b70d85a90,4,311,"2025-10-22 02:59:04"
420,50,2c5a7f149edd869f89f7a4001c59cc16c4f6646d,6,176,"2025-10-22 02:59:07"
421,50,3d9f031e4e520a69040c8f3eb5b4ff0a7aaf48ff,4,65,"2025-10-22 02:59:11"
422,50,32265b657657531f6fcc19ffc54a45d339c32f77,1,20,"2025-10-22 02:59:14"
423,50,1aea5ae6057f408566cd3649e9f7c9506764eafe,3,22,"2025-10-22 02:59:18"
424,50,b043fd17d6ee8de16dd395e2476620fbd66a31e8,3,63,"2025-10-22 02:59:21"
425,50,c6a42512650947c691465b6b0f72f1d8601fcb8e,2,35,"2025-10-22 02:59:25"
426,34,3afdea9d5da7f24a66eda6ec44a9dfce80b16802,6,127,"2025-10-22 02:59:31"
427,34,4826273f09d0d1658037da600c721db47ea4212e,2,3,"2025-10-22 02:59:35"
428,34,fab7653cd42256adefad49ce6c2624bed3e0f0f1,6,124,"2025-10-22 02:59:38"
429,34,c42183df469a6473142993b952f2d6980be6e986,3,20,"2025-10-22 02:59:42"
430,34,c9d43270dac4f99d53859847d4297bced296bd47,3,8,"2025-10-22 02:59:47"
431,34,802c86fc840a6516e0cd8c71528c3dac49cc4f46,1,4,"2025-10-22 02:59:52"
432,34,e2f302f4cf1d338fe6ff6150795f1d99cb01088d,1,4,"2025-10-22 02:59:56"
433,34,3a1db020a7fbfa646f2588939fab35763414d162,7,203,"2025-10-22 02:59:59"
434,34,ae9f3861c485675bda8e7fc965f543db316e1fd1,6,201,"2025-10-22 03:00:04"
435,34,4658a0e87dc1d514a278854ca5facfa347e31526,2,36,"2025-10-22 03:00:07"
436,34,1521e9e8f08bd3563a7651e43f3d718c8ac0f010,2,36,"2025-10-22 03:00:11"
437,34,ea64d8a4d6d40e58d5603cea284d09e619cb5e04,15,221,"2025-10-22 03:00:14"
438,34,c52385f05b2ffa7acaf6846fa550c9b4935e9f09,3,8,"2025-10-22 03:00:20"
439,34,ab50571bb51d6b4f80d42d8171e248bec5fc4752,1,2,"2025-10-22 03:00:26"
440,34,99e527e9b4e3560fa06669a1e541233243bd5eef,6,13,"2025-10-22 03:00:30"
441,34,58b84830cd78162cc5bcb9e0646852ff8d6e6e6d,5,163,"2025-10-22 03:00:34"
442,34,fa592214b318a443ac3ea7f48786fc65fa694ff3,22,265,"2025-10-22 03:00:42"
443,34,b9e76d8342a02d4813885b39e8fc2f4f5b693cc2,12,88,"2025-10-22 03:00:47"
444,34,d3ca6ca085bdcc5cd16bfa9d57c1c004af5ba038,15,403,"2025-10-22 03:00:50"
445,34,5c20a88e1dbadd4948a6197aabdf8fed90c2a5d5,1,7,"2025-10-22 03:01:15"
446,34,28a71f32ccee988c0ca1f03cbb46b77ab26f35d1,1,1,"2025-10-22 03:01:19"
447,34,1ffd4864f897f247cd12d4156b53776a06acf636,1,1,"2025-10-22 03:01:22"
448,34,ac3bf71a624a0b11d4451d7fe2f7b02e97f6c006,16,407,"2025-10-22 03:01:27"
449,34,89e4f6635ab47f515055c95ba855ba8f7eb23a8b,1,15,"2025-10-22 03:01:36"
450,34,bd4252f045902e87a816c23d07f5c2e720eed07c,1,15,"2025-10-22 03:01:39"
451,34,c3d3fa7eb1ca6618aa83370c8a78a0c0433b73f8,13,291,"2025-10-22 03:01:43"
452,34,5d02c43f82002e55ed9dc0aac5b03ca58ac2a7f8,4,85,"2025-10-22 03:01:46"
453,34,abcd4f77f24d99ead266849cb4b36c8e43f015d0,1,20,"2025-10-22 03:01:50"
454,34,4cd56ad278c7a1142308a37397ff74a775d99396,10,192,"2025-10-22 03:01:54"
455,34,9be5755b89cfbc664d3de6bb2430a4357c074f55,4,54,"2025-10-22 03:02:02"
456,34,4f4a2e6ebcfc4852e0d42eaa03f60469e492d59d,3,29,"2025-10-22 03:02:06"
457,34,87d805a4cdefae374be6f0d7da88d02be7e1c18f,158,4655,"2025-10-22 03:02:11"
458,34,182982919d15abb83a5842b87d0526da21e32c59,1,1,"2025-10-22 03:02:14"
459,34,a5d0ddc67b59dedf8e86200219de60e9b24d947c,1,1,"2025-10-22 03:02:18"
460,34,499c7784d7af51cbd0b5341697948dc1f39c38bc,1,7,"2025-10-22 03:02:21"
461,34,e8b79540fa92993974c22279e82428bd41c0f7e6,4,125,"2025-10-22 03:02:29"
462,57,240edb5c42aa9295bc674c93d25ffe801c13a5c4,1,24,"2025-10-22 03:02:52"
463,57,679140e0ad6c0bb1cd3b8397f32c5fe55fc7f3b1,3,79,"2025-10-22 03:02:56"
464,57,16a43f59be6130dd7d8346401e1575a2f1a2e435,12,218,"2025-10-22 03:02:59"
465,57,7abc84fc2c208f148970ca854f2f6a59466e47ae,2,5,"2025-10-22 03:03:03"
466,57,19bd016801b2fe99c673479e69bced84ecff83e7,1,9,"2025-10-22 03:03:07"
467,57,eca459eeff0f896228749132706d36e414b77c35,2,370,"2025-10-22 03:03:10"
468,57,ae8ac867dc4225204f9441a7a06b8206bf3f9ede,2,365,"2025-10-22 03:03:14"
469,57,097bff1a792e39f4e0b2807faa53af0e89fbe5e0,2,87,"2025-10-22 03:03:18"
470,57,d91c05993b17a5aff28a33810fc263402824f508,1,7,"2025-10-22 03:03:21"
471,57,b90ec4013ae565bf26a3cb5e238d92c4d514893c,1,1,"2025-10-22 03:03:25"
472,57,560782c9ee12120304284ba98b61dc61e30324b3,2,44,"2025-10-22 03:03:28"
473,57,91dd512a86fce9cea7ef0ca1bfde265c5718d3eb,1,22,"2025-10-22 03:03:32"
474,57,3f009e10a6905778b42dd3f8cad2de3b194a62d4,1,3,"2025-10-22 03:03:35"
475,57,dd3de5f84bcbf0c13ad60df0c3feb9d564727447,1,3,"2025-10-22 03:03:39"
476,57,a234f9abba58add6e5ef9d44b0c24bf49a583905,2,17,"2025-10-22 03:03:42"
477,57,0814909139735ea4c7648e755630fd49da7be059,2,17,"2025-10-22 03:03:46"
478,57,ab82d0bacadd04226f3f926463ff6a56980c7a4b,2,17,"2025-10-22 03:03:50"
479,57,c04ceb9bc71295fec691f99f7baaee31ba1aece7,1,3,"2025-10-22 03:03:56"
480,57,514d42123309d69ff7b4b691cb56d1660e75edfb,2,14,"2025-10-22 03:04:03"
481,57,aa71e753d8473830da9f5ff9460ebdf4b4e0ee5b,2,42,"2025-10-22 03:04:06"
482,57,39bc3cb12a982d0225521e6f1d10bd01bd9a2575,2,14,"2025-10-22 03:04:10"
483,57,e14b1e4a2c8d55ccc6b7d3c57dd172b4176988d2,1,2,"2025-10-22 03:04:15"
484,57,6841ca79104f6b78179e44b56ae9a033b8131c70,1,2,"2025-10-22 03:04:18"
485,57,9130f8e78ed0d8bdf4b56058ae540c50f0b413ce,1,1,"2025-10-22 03:04:23"
486,57,f33474b4c618ee86cde67d5f589e447409183837,1,31,"2025-10-22 03:04:27"
487,57,b1b7a681989c5f7fd86d6c618c9fb5e806ccb99f,1,18,"2025-10-22 03:04:30"
488,57,869746101f6dd73b70d8a9c2b6dc59de4352519e,2,38,"2025-10-22 03:04:33"
489,57,69c0d2aa16d834c38b4a9ea8b7048aa3ffd362c6,7,1645,"2025-10-22 03:04:38"
490,57,751291fc5e275d0222ddaf75053fac5be9b487db,7,1645,"2025-10-22 03:04:42"
491,57,1da6cf57ac862cafbfa896801bbce31eea3ffd28,8,1626,"2025-10-22 03:04:45"
492,57,8b02d16b8dc49f39a624dffaab0da46ed7ef064e,8,1626,"2025-10-22 03:04:49"
493,57,0b269eb6b2414520ee90109bba873560afe5281b,8,1626,"2025-10-22 03:04:52"
494,57,f10d080d456643bbcb07301e4080ec5291fa85cc,6,1613,"2025-10-22 03:04:56"
495,57,91eaa954c7bb06ca9382edc86c7fdb170b63e2ae,4,30,"2025-10-22 03:05:01"
496,57,84835dd3cfb46939eb595742ea8d7d74918034bd,2,41,"2025-10-22 03:05:05"
497,57,b1838616943188618bd9d0323df65858e7e662b1,2,16,"2025-10-22 03:05:08"
498,57,960fa3152d0b2e983522456937c9d47e8d24a7d9,1,22,"2025-10-22 03:05:13"
499,57,5271d86fc4a796c14b9713df973cfeec3f583e95,5,48,"2025-10-22 03:05:16"
500,57,4a51ad4d0991e559189eb329b1cbc3cb133b96d3,1,8,"2025-10-22 03:05:20"
501,57,6e956d2c455efc7fa6c6f7c9a2fa5561b7a29463,1,15,"2025-10-22 03:05:23"
502,57,433398d5fdff70e4f719b28d21a71ec13b625c71,3,15,"2025-10-22 03:05:27"
503,57,23070b2ccd30c5bb3d78e735b098f835756a190a,1,4,"2025-10-22 03:05:31"
504,57,5bc4e8bec26c288e3ddadd717888040e62ec7db5,1,4,"2025-10-22 03:05:34"
505,57,3b370ac07cef990eb0a10eeeb6388b2b91feada8,3,58,"2025-10-22 03:05:38"
506,57,3f96301342ca07c6a85743cc1dcd334d2ac8bfc1,171,11656,"2025-10-22 03:05:43"
507,57,0657d1ef9e0a4a4e3974028a3a7c6426330c4c2b,1,2,"2025-10-22 03:05:46"
508,57,07556942be5a6adf63672cdc366adad4800e2365,115,9942,"2025-10-22 03:05:50"
509,57,96d0ee532a37351a126ebef2d5071964c33a1ec7,2,42,"2025-10-22 03:05:53"
510,57,02f5b0afeb2ac71ef7fea5834743566ba9c6947b,6,38,"2025-10-22 03:05:58"
511,57,410abd3a0bb71e5804cb052d4d04632b6fe8d5d1,1,16,"2025-10-22 03:06:04"
512,57,8a929a42c5365ecf634b31d014b78d25b43bc3f8,13,328,"2025-10-22 03:06:09"
513,57,1286becf8fa258f47c0d0a3f6cddc48677ac3256,2,80,"2025-10-22 03:06:13"
514,57,0f30967e5a86aa518fdfbb7990a9ccca433f763f,3,8,"2025-10-22 03:06:16"
515,57,db0789fca9625c268615fb8261ef43951b15e889,2,21,"2025-10-22 03:06:20"
516,57,63fd110f5344db2e938df5d6678463617a5eb9ef,2,174,"2025-10-22 03:06:23"
517,57,bd2531617cd614c71cc768d7fea002813224abb7,2,42,"2025-10-22 03:06:27"
518,57,25398e4e20efa1a8c7dc2c4947d83c1233083f09,1,3,"2025-10-22 03:06:32"
519,57,11405d48f8bfebb1568e7a7c32ccfb46399799f0,2,20,"2025-10-22 03:06:36"
520,57,813564bbee1de1c0be8840cec37caf8856218382,1,5,"2025-10-22 03:06:39"
521,57,91ef13b5a1235626c8452f2ce2c6d87a76daf695,2,85,"2025-10-22 03:06:43"
522,57,4dbbfcfb4c1c06ac6f85e3ad2ed6a2c4b7ba5484,115,9942,"2025-10-22 03:06:47"
523,57,d54d159f209839a5a5ae885d222f1989f6af0ce7,2,174,"2025-10-22 03:06:50"
524,57,db11d2ade8eb093b71904c970f3cf3067220cb2b,3,8,"2025-10-22 03:06:54"
525,57,d007be7a5b0890e85d44b4c12da5b3040f203512,1,2,"2025-10-22 03:06:58"
526,38,39a55482912c52e373009f652635d4588fb8d860,4,105,"2025-10-22 03:07:03"
527,38,ef652b95f9939bb450bf8b4f1e356e8aed110084,24,234,"2025-10-22 03:07:07"
528,38,d964cd78706761e2d465d2dcee4e115068592413,1,4,"2025-10-22 03:07:10"
529,38,de331370cbd5dd666f2a713832e40907a07033f5,97,7136,"2025-10-22 03:07:14"
530,38,31869e258703cf1199e71ea1c763a382214dd4e2,12,3130,"2025-10-22 03:07:17"
531,38,37068cf44d940a4327cf8055be308b1fdb05355d,2,34,"2025-10-22 03:07:21"
532,38,48104438cbeac4bbb52200ef8e97eb11b68907e9,1,2,"2025-10-22 03:07:24"
533,38,03e98934d48b4f3cf8c35e2f52291b8e06aad177,22,2125,"2025-10-22 03:07:29"
534,38,08da133e55e3556e5e5faffa65db401d1e297917,1,1,"2025-10-22 03:07:32"
535,38,e80c6baf6fd8e5ddf6700b7fd0d93562eec1d507,1,2,"2025-10-22 03:07:36"
536,38,17338d5aeba99ca9fc6d521034ad596d6905eddc,1,20,"2025-10-22 03:07:40"
537,38,a8e9f19de821fa0244e309c9c6bd96f02e4a558a,17,335,"2025-10-22 03:07:44"
538,38,804fac3c6e4a382dfb47da90eca18a6c27c3ee43,8,1827,"2025-10-22 03:07:49"
539,38,032d655b9317dd18993817f0535b6267d7572445,5,161,"2025-10-22 03:07:54"
540,38,7bda02731a989f0a336d2adfdcce2427d1d24a78,1,4,"2025-10-22 03:07:57"
541,38,2a8585c73135d8fd2c027a512fc59a67c2453fe5,1,41,"2025-10-22 03:08:01"
542,38,006ffca559d017187dc4d1f93a5619fd38c26b71,4,244,"2025-10-22 03:08:04"
543,38,f1af11a50f15a26fe01afb97ef250466231ed836,3,116,"2025-10-22 03:08:08"
544,38,4ddbc4317c0cca6fb3673f19679108c91fff2c4f,1,20,"2025-10-22 03:08:11"
545,38,1858ef38d3003a91831e2bc851d61e2b1dd5ba5f,2,5,"2025-10-22 03:08:15"
546,38,136e8d40cb35c34169e38878846a5d70ef797c76,42,4202,"2025-10-22 03:08:19"
547,38,110ccde8e57d3497a08221be9ec1aa59adc20a1a,3,20,"2025-10-22 03:08:23"
548,38,2bec72f4927295ed8a7da5727fe11ecdff2e8605,4,141,"2025-10-22 03:08:27"
549,38,ebe6f30231b97865fad70ff9fbde7daac626d4f2,12,731,"2025-10-22 03:08:32"
550,38,1e1287d7280f48531ec47987bc01a9d11a1fa15b,27,1540,"2025-10-22 03:08:36"
551,38,9df5bcc1ed8a6e607d365099dca9c89dabff3942,60,2493,"2025-10-22 03:08:40"
552,38,2163a6b33790f931af16fefabbac3a968bda0191,27,3405,"2025-10-22 03:08:43"
553,38,10cb933f283df578547f04165eb0fc49ee238eed,8,191,"2025-10-22 03:08:47"
554,38,85dd00eb1570868f7b5e497c7705409f65bc06b4,27,744,"2025-10-22 03:08:50"
555,38,668fddc713ddaeda3bf5f43375bf8bd424240e55,3,215,"2025-10-22 03:08:55"
556,38,71415e41852e9412ab51b9fa0b1daa4c917e8fb8,1,2,"2025-10-22 03:08:58"
557,38,7ad0c67bd712b8cf73a38cc798ddc0dd68003757,1,51,"2025-10-22 03:09:02"
558,38,94abf91680a9887ac45c2112319158aacf02ab23,26,1235,"2025-10-22 03:09:05"
559,38,09dc67a5e21f6238e1c950bf2dcdd1996913598d,3,225,"2025-10-22 03:09:09"
560,38,12e305fb2eb25c99d33681a1347216a2407ba6c7,7,175,"2025-10-22 03:09:12"
561,38,06ba2ab090526da0fb9ca687e8cb5f03679016a0,19,1041,"2025-10-22 03:09:16"
562,38,879b36f703f268649bcc3b63b3b598e3f763f60b,47,5110,"2025-10-22 03:09:20"
563,38,eff87587d4a59836318e5a6eccc508e75808f65d,39,1046,"2025-10-22 03:09:24"
564,38,9bab7e942ccb888edaf7bdd8d99034548b5e7ceb,36,1226,"2025-10-22 03:09:31"
565,38,ab38c3fbb9c7b8527ab29ee62121b0abe2efbbbe,5,102,"2025-10-22 03:09:35"
566,38,c2c208e02df7ba9e8b212493e6635c3241188bed,12,115,"2025-10-22 03:09:39"
567,38,486e19848605bbea24902b26e741a433d912e0a8,3,34,"2025-10-22 03:09:43"
568,38,b3f845e04f2648895dd7a811542b9fa24c2fc766,1,20,"2025-10-22 03:09:46"
569,38,82ef377c2aaa4cbc2499c10ef70b53df72deed9b,3,7,"2025-10-22 03:09:51"
570,38,ad31b8c6553bcd02b34fca52f6df8d761ed6db22,7,266,"2025-10-22 03:09:54"
571,38,c37dd2a8e9cb3cf4a14ceaaa54cd0845801bd349,2,4,"2025-10-22 03:09:58"
572,38,b73d11dad3e4a2355405a53b13ee159b790d3827,20,742,"2025-10-22 03:10:01"
573,38,0bbfb384c5cc581e8fb4fce843e1db300446d090,1,6,"2025-10-22 03:10:05"
574,38,c03af5ec86b4bce6b6f294d26d85c3bde545808d,99,27941,"2025-10-22 03:10:08"
575,38,24d121ac62de3a2fbcb02cd22d549d5086506d3e,99,27941,"2025-10-22 03:10:13"
576,38,2dfe6e13f3e03e352b8d54f6dd6834b201ac0dc9,7,522,"2025-10-22 03:10:20"
577,38,d0e2844f172d600b0e29128ecc079c5b039c5001,27,737,"2025-10-22 03:10:25"
578,38,3788cabfc945911d494be8e032811667ac7b7418,8,283,"2025-10-22 03:10:30"
579,38,bc0f7dc7646a678056dc0e4a270189d67c59d632,2,5,"2025-10-22 03:10:33"
580,38,dbafe2d7931fb6487d80f06650ae2b15784d69f2,3,10,"2025-10-22 03:10:38"
581,38,5c30813444f1daaf02024d93f3f5338b513e4b38,7,125,"2025-10-22 03:10:43"
582,38,a76fd3fb41de979c44a4d71f5f1dd1d65916d627,38,4236,"2025-10-22 03:10:47"
583,38,90ddd25c2bb9cff05a2c33ab01f2d70788d0cf87,26,6940,"2025-10-22 03:10:51"
584,38,348e0c3393fe3494f3a1fcbccb29027d06de0eef,4,39,"2025-10-22 03:10:54"
585,38,7f0e9310fb474bbc7024ae0449bc90a6729150ee,7,99,"2025-10-22 03:10:58"
586,38,5536ceb683ac7cd8a0f36694989ee8a09b4c999d,1,1,"2025-10-22 03:11:01"
587,38,f223ef2a773ae8b74ce5a0e4ad7f91e30b363f6c,6,67,"2025-10-22 03:11:07"
588,38,7e2348213239def4d850ba684fe7349d16ed6346,6,212,"2025-10-22 03:11:11"
589,38,ebf8d178aa145973b59e4a8bf8887e7f516b100c,24,370,"2025-10-22 03:11:15"
590,38,4ace17ba621661bb1bf35334fbb3b0f3b3c2ee1b,10,1180,"2025-10-22 03:11:18"
591,38,42193319df6878a07495b13611cd88860e98a9cc,15,18136,"2025-10-22 03:11:22"
592,38,9390d07cee20f0e42485cf92bd16b7e366828276,7,527,"2025-10-22 03:11:26"
593,38,09be6340f13d91f2355642e58479a39e6299bb78,2,29,"2025-10-22 03:11:29"
594,38,051212636921fbbc061572d7d56b6dab733909cf,4,91,"2025-10-22 03:11:33"
595,38,eb8bb62278f40ccd60038301496672ae7b92a9d9,1,4,"2025-10-22 03:11:36"
596,38,aa3973f47d4e5539eebe5aef8a5cc66aeed3bb81,11,22002,"2025-10-22 03:11:40"
597,38,77d189a262e7141c6fa510381f6197daa4380fc5,5,416,"2025-10-22 03:11:43"
598,38,c4b7ce881f47dcfb88ac35ecf793bc889d11bcb7,2,19,"2025-10-22 03:11:47"
599,77,eb3a9b099a9da753f164d8d19d8dd516a45ab6e6,95,390,"2025-10-22 03:11:52"
600,77,4a419818af07eba10b78cee0d87ae3b280065215,1,20,"2025-10-22 03:11:57"
601,77,d9398b4f752f8424cf926ccc32b8d9b21473de69,1,2,"2025-10-22 03:12:01"
602,77,4cad353dda8f607c53b406310b1d17eb3c5d2f8d,20,1277,"2025-10-22 03:12:04"
603,77,ca596457b0746ea1d137a8f2f01e193f08f1c2cc,1,5,"2025-10-22 03:12:08"
604,77,195150bc745927429e9f14f501907310b46d702f,7,159,"2025-10-22 03:12:13"
605,77,b78b09d324fd4bb3eeac1da766a67d321d7cd0fa,10,214,"2025-10-22 03:12:17"
606,77,02c97fef651c8aded35b4a5aa8691fb0ffce13de,6,216,"2025-10-22 03:12:20"
607,77,3892514c53a0c17cac32a77e2f393d987c0e69be,94,188,"2025-10-22 03:12:24"
608,77,568e2df296ae7ef7f5df80b3e4f043f0fbef895c,9,231,"2025-10-22 03:12:29"
609,77,dbd3c06ca7c34918981ad70f1b123824f287adcf,1,17,"2025-10-22 03:12:34"
610,77,cd02b1dc8d7cdf86925f8316f5de88a7b01af5fe,18,1197,"2025-10-22 03:12:37"
611,77,befdc56885b01e54e356ebd7f7b8857e0277e9a5,5,108,"2025-10-22 03:12:41"
612,77,24c93c8a1a7b16b916b98fa4bd70bad3fa93ccf1,3,51,"2025-10-22 03:12:44"
613,77,6c475480eb57bc87e8d1aeec6098813e52d7865d,28,571,"2025-10-22 03:12:52"
614,77,d1d3d36054a6847e0319667576e295686aba0566,20,1348,"2025-10-22 03:12:56"
615,77,8fef1b5eeed72f9bbab1906bcb6b513a61e06495,34,2401,"2025-10-22 03:13:05"
616,77,f3fd4e61875383f470447237355e051364e94171,92,184,"2025-10-22 03:13:09"
617,77,665fb541a7adad9e5bfdd363d9b7251d06d15729,92,184,"2025-10-22 03:13:13"
618,77,15bd6c62b98697bf48d5029a3e004f4aa3b6fa18,1,191,"2025-10-22 03:13:16"
619,77,c4ed9a3aba0f54e464798b6e43a3bdc3749c4429,16,745,"2025-10-22 03:13:20"
620,77,2e18c3e916408093e030bdeb231a1ec62132c00d,11,564,"2025-10-22 03:13:23"
621,77,1dea35095bbc02bc35611db91b0520e5824b00cb,1,4,"2025-10-22 03:13:27"
622,77,94f92ea635ce9b9bf04d958111ff4e03d66fdabc,4,119,"2025-10-22 03:13:30"
623,77,ae42ddd35fe1e7ee4a712c0cf97846b362e78564,3,231,"2025-10-22 03:13:34"
624,77,c4997eee154bfa18af329401a40f38c6639617bf,6,44,"2025-10-22 03:13:38"
625,77,3781212f519a4f0a28ec796a7676d8b2ae55e9a8,1,2,"2025-10-22 03:13:42"
626,77,0c97d8f4b106f8cdbd4776cb81f5072dbb01013a,5,368,"2025-10-22 03:13:50"
627,77,74f7d184cfaba07dd9c825d5ebd328d04a7114ea,4,337,"2025-10-22 03:13:54"
628,77,20a6a63e0c6d716ea2137180aa05f6aef19075e3,2,61,"2025-10-22 03:14:01"
629,77,44080bc88674fa052b227c91a5c814eb3bb56294,1,6,"2025-10-22 03:14:05"
630,77,9db0c70cbbc2c93e5fabf89f0c703ee37c390b45,1,3,"2025-10-22 03:14:09"
631,77,59a32994cd360ab2daad14fc6311fc00cd4e167b,2,85,"2025-10-22 03:14:13"
632,77,9f3712eed7753294e13e20d557b5f7f13c5cc5c1,1,3,"2025-10-22 03:14:16"
633,77,e34d55273fcd1b6d2b63ce9f1a63afc62c8bba4a,4,313,"2025-10-22 03:14:20"
634,77,4e41c1451453ecce254a5c43d31c86c869465c0f,1,14,"2025-10-22 03:14:23"
635,77,1483669aaf21193bc89b839fc4d45887f041be9d,1,7,"2025-10-22 03:14:27"
636,77,826f40f0fc9890369d8c131271fd0c9826bc28e5,1,2,"2025-10-22 03:14:33"
637,77,3c9dba3eba943a9582cba11b58090409ed2a564b,1,2,"2025-10-22 03:14:37"
638,77,19418e71ad06b8562d95a4d32ad001e00fab32b5,10,723,"2025-10-22 03:14:40"
639,77,8b43caede48749c2ac4be74fdb9c59b4013584a4,6,303,"2025-10-22 03:14:44"
640,77,5864ab577fa91e225789ce0d6fdb63db78e3ee9b,1,2,"2025-10-22 03:14:50"
641,77,e13d20ce558b5ead1c00d719863c7fc51d3d2b87,8,61,"2025-10-22 03:14:54"
642,77,84df19b2c5a71aae64fd897a6673bdbd904f651b,88,176,"2025-10-22 03:14:57"
643,77,b9dd399697c3ecca9ec4f08900f806d4bfc1be1c,1,2,"2025-10-22 03:15:01"
644,77,9ac8e89dc404c49a352167f1100855d16bb0c208,1,6,"2025-10-22 03:15:05"
645,77,6c74a4cf70d8555e0281815e69b65b0425389861,4,29,"2025-10-22 03:15:08"
646,77,bef6574734bc75953202079dc0a44aa5dff78157,3,49,"2025-10-22 03:15:12"
647,77,0bd27fb80a8e86a43cba0879c91837d32608d983,1,4,"2025-10-22 03:15:16"
648,77,e5a62cb634f67f1325b859f79c95bccda264c1d9,28,2129,"2025-10-22 03:15:22"
649,77,374481c9d4ac503efe77f4947aee36b0bb8bb2b8,1,2,"2025-10-22 03:15:28"
650,77,2e173753ff87faa04123952dc2401ed052deec4f,1,4,"2025-10-22 03:15:33"
651,77,679625e2991e569e363bce4faeaa60515f9c3bcb,1,27,"2025-10-22 03:15:37"
652,49,d9d9be6a105f93cb4e7f01b9f99331c5d42d2dda,5,17,"2025-10-22 03:15:45"
653,49,a5bcf66a8afeb413fb801ed108de5e324e5efa2c,4,195,"2025-10-22 03:15:49"
654,49,a9e91cdb2625c006c7399f345c24074c5cdc58da,6,21,"2025-10-22 03:15:52"
655,49,f59fbe95896f9a92ce172359f02a766ce1e27ae8,5,20,"2025-10-22 03:16:01"
656,49,ebfedee9c65ba6f8806fdfb05171410d3bdbb128,8,233,"2025-10-22 03:16:05"
657,49,a506287c9384dc123f20c47c79a44604733bc90e,2,11,"2025-10-22 03:16:10"
658,49,f49705c3d6e295082a21378756b3e08cc308c4ad,42,422,"2025-10-22 03:16:13"
659,49,3f19675c17845727cc448f04eee1c60d97986b24,1,2,"2025-10-22 03:16:18"
660,49,3a24ea052d2f0aa2a47bae873bd836136077456d,5,207,"2025-10-22 03:16:23"
661,49,113273b502d73ee57e3e5780f33e70b56e206f6c,1,2,"2025-10-22 03:16:27"
662,49,ae82b7122aadb8b89fcb7c808be2fe0848e83ad3,3,34,"2025-10-22 03:16:30"
663,49,92b81c86d369f33b9c7df6cc73f32d2dea92927d,2,4,"2025-10-22 03:16:34"
664,49,b6c5161064f132681fb281847656b3c66c14629e,1,26,"2025-10-22 03:16:39"
665,49,8eebcadf6d5520a0a9a401f991fa5400e07b6aaf,105,10360,"2025-10-22 03:16:42"
666,49,6c5df404e4982d5f5286cab5f477d8fbfffb5d17,1,33,"2025-10-22 03:16:46"
667,49,aca74963d5f0b6f76ee1926797e2c59cf5a94fdd,46,0,"2025-10-22 03:16:51"
668,49,ad1392d11748ddbc6905cebaf6d91b0fa23f4e24,2,125,"2025-10-22 03:16:55"
669,49,bd6475ff694dce63f8e8032a7278e215cc6057db,6,44,"2025-10-22 03:16:59"
670,49,c5981c61d9cc1d6ecacba84ba0d4c4e340fd1c88,92,4527,"2025-10-22 03:17:04"
671,49,e9ca0e8c0af75cf6c02b4804552da5dfd4b0b7d4,11,88,"2025-10-22 03:17:09"
672,49,197c0d1357a07f489058d611e49767a42d09e944,1,2,"2025-10-22 03:17:12"
673,49,7eb02d62198e3abbef3e4eb02018812f23eb315e,2,14,"2025-10-22 03:17:16"
674,49,a8354321329200ac0c2d4bf5411de4ce064db343,7,191,"2025-10-22 03:17:20"
675,49,26609b77cef50c14534ff9d27236218c692c095b,1,7,"2025-10-22 03:17:24"
676,49,682579071d3f4658887def58d46840ec2aa88e74,1,4,"2025-10-22 03:17:28"
677,49,3fd54728b165f9825a16fe3fd670af897a1157b7,11,496,"2025-10-22 03:17:32"
678,49,50d72cbb57e169eaf2bbeefd99d5a43f5462a45b,1,3,"2025-10-22 03:17:37"
679,49,e9ba0afd4ca29a66722f0131dc2a91ac321ab17e,7,266,"2025-10-22 03:17:43"
680,49,34459161ae336ababed87db529127c3ac91d59f4,16,488,"2025-10-22 03:17:46"
681,49,ea5182f53a128e61de8a4dabc40c87acb03ffcf7,2,13,"2025-10-22 03:17:53"
682,49,d56434f73a1ffb3492729190a47dc2d8c62a6d76,1,2,"2025-10-22 03:17:56"
683,49,058496d625e33c0cf3db6ff6a8efe63c22f3d80b,31,1573,"2025-10-22 03:18:00"
684,49,d0da90c0db48bc8b504aa5ee7ef8bfa50a6b01ec,4,39,"2025-10-22 03:18:04"
685,49,15ddb0f673ecde998865be813a11e8d5f6e4d711,3,70,"2025-10-22 03:18:08"
686,49,1af2a95bfbf13cd333fed1ede4e9dcee5aac3874,5,36,"2025-10-22 03:18:12"
687,49,d835a8a3a6f774ed53a7c0cebbc1d3425f377034,4,132,"2025-10-22 03:18:16"
688,49,2e8b394aa3a2434317ada73c4d3c08b5d8b0c45d,3,14,"2025-10-22 03:18:19"
689,49,c91d229e7fecda6eb6184c13b56af5e172d496a3,59,364,"2025-10-22 03:18:23"
690,49,0d81c19f6e5c3b2f41af11467c57bfb65826d07c,19,176,"2025-10-22 03:18:27"
691,49,c21921d522cf1ed49ac1db8468b633bc0daed9bf,1,5,"2025-10-22 03:18:31"
692,49,79bca1eb42a328abe954f47676b1b60437b5ad2f,27,4105,"2025-10-22 03:18:34"
693,49,bc0e5a3d81c9bd3311d8b7d3616138827f583ac5,1,5,"2025-10-22 03:18:38"
694,49,c52d1cf81f8c353d721436c4c5a5ebfed674cc8d,36,1247,"2025-10-22 03:18:42"
695,49,43007721c0507f81b24586531bee95ac2a495365,1,5,"2025-10-22 03:18:45"
696,49,f0bb69b15b7aba395042b2cba71d5fa2b5342bca,46,687,"2025-10-22 03:18:49"
697,49,fe7a28e6ecdc0f9f69db92ce945a04f2c5131fe8,11,433,"2025-10-22 03:18:52"
698,49,2b393fb6649d2453d9b4c28823cce9636aa597ba,13,498,"2025-10-22 03:18:56"
699,49,d718b9a4302c9044be4a430c57de44d4b825d5f5,4,61,"2025-10-22 03:19:00"
700,49,12e93849408f5082eea130e63b1d2757db2cbd20,4,239,"2025-10-22 03:19:05"
701,49,cadbcf6c329db4a989157d24ba397c426a7567b2,1,9,"2025-10-22 03:19:13"
702,49,6a4e8d7fdd8c70621084d44ad72625381b753b85,33,1781,"2025-10-22 03:19:23"
703,49,cb3d302f2401c7c1bad89589359a4ed940d00f37,23,1112,"2025-10-22 03:19:28"
704,49,7ac3db5ff81b743e5b8722eef721437d57f18824,1,19,"2025-10-22 03:19:32"
705,49,2e3af0690134f881a0b48f4c79f8f8ffc139883e,39,2251,"2025-10-22 03:19:35"
706,49,5e6b42d1659713ad28196168075799a88ff47278,8,1872,"2025-10-22 03:19:41"
707,49,41b1fd4fd7df3867e2c7b08ac2e8da56eeeec9dc,24,1767,"2025-10-22 03:19:44"
708,61,9f7817f70e0864f8a59b92d72af554fc244df9ff,9,58,"2025-10-22 03:19:51"
709,61,b78cd5bbd93e7a01eb674b95396b20ae35b3dd9c,8,168,"2025-10-22 03:19:55"
710,61,8898cbe6e4ab7cc48d7e1844f47122d1befd5864,11,371,"2025-10-22 03:19:58"
711,61,6b56566ae134d35e4d5e6d5b2aee4c8fc3f32817,2,4,"2025-10-22 03:20:03"
712,61,16a01cbef307ea3fccd571dc3ed7c84d30fac371,8,22,"2025-10-22 03:20:08"
713,61,fb37ecd1a8113b1bfba41ed22bdfd12bb0b4a445,2,5,"2025-10-22 03:20:12"
714,61,c2c1271a4c414232fb5648f7c5d47f3ea69206f8,8,22,"2025-10-22 03:20:15"
715,61,527e38c2b513501c2041978997458c86ec9779c2,1,6,"2025-10-22 03:20:23"
716,61,46ee282fda33f6cfa66bf72df712979070278d0b,1,11,"2025-10-22 03:20:27"
717,61,9edd31fad303ca58f56f55a05646b83bfb35af5d,3,22,"2025-10-22 03:20:30"
718,61,30da4c0f47a5bf06cbf3b15e963c8f345eac4c06,1,2,"2025-10-22 03:20:34"
719,61,bf61e4d6c23f85a803345058ccfcdceeb75ea3ba,2,4,"2025-10-22 03:20:37"
720,61,0b4c4c404957e2695f9b55f2217aa1770c713c66,1,4,"2025-10-22 03:20:40"
721,61,a35f7605f77fc774fc5a5891b4d8bd0ba11ff7e9,3,8,"2025-10-22 03:20:44"
722,61,872939454ff8cd5ea7f8a7c37f21f7281fb5ff29,4,25,"2025-10-22 03:20:49"
723,61,2daf41c7d737b1ee41f34c40a97f3fd9354defed,2,8,"2025-10-22 03:20:55"
724,61,a0cf5b72651ea4d6fd2b26f8414ee200526347e1,6,29,"2025-10-22 03:20:59"
725,61,576b7f6b6be049c3fd06a0d1ef41cab26a5a0d6b,1,2,"2025-10-22 03:21:02"
726,61,fd0d864cb8bd547b40fe295e4cb4416ee9efbb4a,2,14,"2025-10-22 03:21:06"
727,61,65c7acb31c4a27cd4b77c0ae854224e7112d5fa0,5,19,"2025-10-22 03:21:09"
728,61,c99758fe5a15f7f51cdf79e346691105490fad56,1,2,"2025-10-22 03:21:13"
729,61,1033b5f37438f2e3d1f56a92e1d5257fef82ca30,1,3,"2025-10-22 03:21:16"
730,61,76c3ceb41d4dea4ad8038f2fef1bfa990b2c8f3e,4,8,"2025-10-22 03:21:21"
731,61,1985d67f7aae321452aeca7bd4f728b887d9fe4d,5,7,"2025-10-22 03:21:24"
732,61,74b8c6d184c0461f27c4ba5cd951f440833ea4c9,2,7,"2025-10-22 03:21:29"
733,61,a1a880a20837715e487da04792dfcf773a2acfc8,1,2,"2025-10-22 03:21:32"
734,61,b31df41018a19031b267c5a921b3759cdfa51af3,2,2,"2025-10-22 03:21:36"
735,61,53ef8d5ea0cf3d63adf50ce7165fb718d7bd0cb0,2,3,"2025-10-22 03:21:39"
736,61,66124b68b03dd65d2a06082287f916889b04a0c8,1,10,"2025-10-22 03:21:43"
737,61,aac086066ed6ee0d3b1f9e8161cfe6911af69d36,2,4,"2025-10-22 03:21:46"
738,61,3e854edf4be29d2a06dfc4db5cd336aeff80a526,1,10,"2025-10-22 03:21:49"
739,61,843a215df5bf0af03ea34a9c4e9ce4bda33701a6,1,10,"2025-10-22 03:21:54"
740,61,58909a06a541ad51d3c2deeb540c6176a293cb9a,1,2,"2025-10-22 03:21:57"
741,61,4d6334a941476b781363370075ae9d0dcd0115dd,3,4,"2025-10-22 03:22:02"
742,61,32b9ff9f5ded85d5fd1cd0a8a2e96383a6346071,6,22,"2025-10-22 03:22:07"
743,61,72ce49a75313f04ea07f4ad709886d9ff7351a64,3,13,"2025-10-22 03:22:14"
744,61,dd8db10e7273fd21e5959c7cc55af337faf779e1,2,30,"2025-10-22 03:22:17"
745,61,6c0884a8d9584c48ea1272b539133154928cc082,5,11,"2025-10-22 03:22:21"
746,61,adc1316444b1f723b4e5c3d2667d5fd71012a7e9,4,4,"2025-10-22 03:22:24"
747,61,bfd742e89b36ff5108502bd394070460799bec60,2,4,"2025-10-22 03:22:28"
748,61,d6e408267e2119c002c55d54e14697607de0cef3,7,40,"2025-10-22 03:22:31"
749,61,dbe67b056fda725d5d473ad6d44e9235fd0ac7d9,3,13,"2025-10-22 03:22:35"
750,61,6d2c0c3863503afa3f462a180ee4de6b603ecef9,1,28,"2025-10-22 03:22:38"
751,61,20a96a9c5d5feccc95ee856cdd0b5692ae9374da,3,15,"2025-10-22 03:22:43"
752,61,e79fa75f8b36d37798f74210b6c2a8f21c1ce12a,4,12,"2025-10-22 03:22:50"
753,61,840ac5f9132295a5cba39f4e9567969bd80dfc47,6,27,"2025-10-22 03:22:53"
754,61,02a637b843401f8a5f5244512b10b46c18a88657,1,5,"2025-10-22 03:22:57"
755,61,fd632a3b55361c8006e17b6521a9cfbe94655019,2,13,"2025-10-22 03:23:01"
756,61,eb3648bcb5cc6785296592cbb0725f4cc85de8aa,3,4,"2025-10-22 03:23:06"
757,61,88223e2e1e4c76b0541a4c3793b74a45f4ea6761,1,4,"2025-10-22 03:23:09"
758,61,a555e041bfc3a22bd4c5106f59e9aa676414ffdd,3,1,"2025-10-22 03:23:13"
759,61,01aa0290524a7e6506a897a5e69f7e6ffe6c8efa,1,1,"2025-10-22 03:23:16"
760,61,7c5721180718a20c03055970ef0bbe4c90fc943a,5,51,"2025-10-22 03:23:21"
761,61,71fbfffaecefb875628e9d664102cdf579192a9e,7,126,"2025-10-22 03:23:25"
762,61,6ab577606465b5c9cfbd1c3863d563046988c430,3,1,"2025-10-22 03:23:29"
763,61,cc4119a837b737fac90c5c1abc1d137e6cc3286d,2,6,"2025-10-22 03:23:32"
764,61,7a6f6c84dd430c6ec564aa192a09a564df06402a,2,2,"2025-10-22 03:23:37"
765,61,bf051fa7bcad66c894249e664e3a0fe2da57c29c,10,37,"2025-10-22 03:23:41"
766,61,ffa5b98e1196e569d2414c359e074e56e322487c,43,244,"2025-10-22 03:23:46"
767,61,729f18726f888efd6c55f565e4e8cd9c57b13842,19,459,"2025-10-22 03:23:51"
768,61,5f58adb764ba59daf1c3c0063377f5f7f8462ccf,5,252,"2025-10-22 03:23:54"
769,61,87ec4225ac4506c7cd69a42501f44259aba54af6,1,8,"2025-10-22 03:23:59"
770,61,bf77474c93ed9f165496fc4af8c9cf9aa8844fba,1,3,"2025-10-22 03:24:02"
771,61,e96c21d6100ae62bad0b0aa9f3f9c1b19a230674,2,4,"2025-10-22 03:24:06"
772,61,9f7ba9bb988f91772cac34f97295f4b5f8d7aefa,2,10,"2025-10-22 03:24:09"
773,21,f2d5ba9a7d10c6e5e58cf86a4ca4bc3efa0a7c31,11,171,"2025-10-22 03:24:14"
774,21,0d8c15adea9061aac1296ce5077384ad8e7b947b,4,103,"2025-10-22 03:24:21"
775,21,a7b641f51e7166051c3006b3cc6f2e8a2dfd64f3,2,4,"2025-10-22 03:24:28"
776,21,2170f0fa90d2dcd06ddc40c79a1015a6c29a6f00,1,3,"2025-10-22 03:24:31"
777,21,5c0bd7f2c02447c36a1d6b2de85562c1bf8d8a7c,8,132,"2025-10-22 03:24:35"
778,21,8f2b4decdc618a50844ef3ab3dac6c7c1ca5c78a,1,7,"2025-10-22 03:24:38"
779,21,f6b78d22807628f49e457245857713e015b65bfb,14,708,"2025-10-22 03:24:42"
780,21,bc543b67dec9eb6819bfccb87178a52907b6233d,2,63,"2025-10-22 03:24:46"
781,21,956a47b06752de1b44f1b8db4de654f48cfddac5,1,13,"2025-10-22 03:24:50"
782,21,b869c2cf84fa03e690262dbd99aa4854ccb8cf99,3,15,"2025-10-22 03:24:54"
783,21,872c8cbeffc1a80d5ef9a92da66062cb56883c69,2,48,"2025-10-22 03:24:57"
784,21,d879176fe5da189f531798a920fdb7f965b9cb5e,1,7,"2025-10-22 03:25:02"
785,21,d45ce97c489bc096102533b7a87ef80e3184d2e9,1,4,"2025-10-22 03:25:05"
786,21,07e1c2a9c723593e9078eb6e0099ad6482ca0c15,1,47,"2025-10-22 03:25:10"
787,21,5b9adb04df62b0ae800025187319b180a18cebab,33,2334,"2025-10-22 03:25:13"
788,21,a75de07bc0ea656fd293d1619934d6f2f2e737a1,4,42,"2025-10-22 03:25:17"
789,21,c831fefc786f32291a084a91cdd2b8232ce32075,1,21,"2025-10-22 03:25:20"
790,21,8dabe605ad5ddb0698035158b2b0e60e597a5c6f,8,48,"2025-10-22 03:25:24"
791,21,9718408bb8dcf84e76d72c42e9743ce938f18178,4,146,"2025-10-22 03:25:27"
792,21,629baf7d340b9378fe80bb88407f3d419ac58544,2,31,"2025-10-22 03:25:31"
793,21,af2625c6deb13b9b5f4193ce6c7b78115062ad73,12,74,"2025-10-22 03:25:34"
794,21,ed6528488e68df2f58483378793b5d83d949cc97,147,441,"2025-10-22 03:25:38"
795,21,55acb38670a6777cb6778c72b7c39d373bdf877d,32,99,"2025-10-22 03:25:41"
796,21,0fc2e06721e37590548a348f59ba85b4f0324465,24,67,"2025-10-22 03:25:45"
797,21,3d40734b613d8195efc2380b8a4d31c04e43a57a,15,56,"2025-10-22 03:25:48"
798,21,34c34689fa32d2b293e9197d75b7eae296ecfa80,1,2,"2025-10-22 03:25:52"
799,21,a1212701bdee54363585a57b8b745b226b307048,1,5,"2025-10-22 03:25:55"
800,21,6571e824161980a5357e3284cf2b8fcb9b2395cd,1,38,"2025-10-22 03:25:59"
801,21,192d43307c26b8884ac4b655e8a478985eb056ea,9,60,"2025-10-22 03:26:03"
802,21,e00941773f5aa66974c140e154c09019ff78941f,2,8,"2025-10-22 03:26:08"
803,21,4034e98a550db3b39afc0cac7a73286dbaa9b375,1,2,"2025-10-22 03:26:11"
804,21,c184f214505359de89b03d36ae3e16e22cdc9764,10,22,"2025-10-22 03:26:15"
805,21,7285b85cf07f67fb84126be1e308b9119bd8b5af,2,100,"2025-10-22 03:26:18"
806,21,ef5bf4af962b48f5e6de1d08ec7aaf1d825f06b7,2,8,"2025-10-22 03:26:22"
807,21,8adee06637bfc44f14b2b9c55ea22ede157174d0,1,4,"2025-10-22 03:26:25"
808,21,d079dec0091eb748d61851de2e957709a0b7853d,4,210,"2025-10-22 03:26:29"
809,21,e0a59bd8e7a8c8e4da564bff46fcc67a55381675,3,6,"2025-10-22 03:26:32"
810,21,334d28363854e66e1d8f983d9547279fb88811c8,1,3,"2025-10-22 03:26:36"
811,21,b5fca6f140bdac20a66b6e9d6c6e41f5df3fca62,1,2,"2025-10-22 03:26:45"
812,21,86dd98899bc4b6b9e3d07397a2cf9157c530e2fb,20,113,"2025-10-22 03:26:48"
813,21,ed182c996072b40224cc3e0152de9a12c4ed629b,1,9,"2025-10-22 03:26:54"
814,21,d2c0478a0a182dba392cd76306a076c51617aa00,5,122,"2025-10-22 03:26:57"
815,21,4e14015c04d6d8ab667ced54bede95c5ac821675,113,721,"2025-10-22 03:27:01"
816,21,ff5a350861a664bc8eaaeb2bb9bae56147fa55bf,2,10,"2025-10-22 03:27:05"
817,21,5bbf7cef23d5ef4d155afd7cfcf3bc4b4826b073,1,77,"2025-10-22 03:27:08"
818,21,ea0976b9cbdb5f5e72c4083a32cc9c7e501835b5,26,590,"2025-10-22 03:27:12"
819,21,c8a8946f89ef7f1d3bb9725f754465c6bb675834,1,12,"2025-10-22 03:27:16"
820,21,3effe1036019be19cb02f181aa21d133ba9fe219,11,947,"2025-10-22 03:27:19"
821,21,a0b6e479fd479498d675626a26053df27a969de2,1,74,"2025-10-22 03:27:23"
822,21,11c151fa090b0095d50111aeb1d07e33399e0f1c,2,18,"2025-10-22 03:27:27"
823,21,8031aaa0504f7314525cb71b19a63d64348fa7cf,1,7,"2025-10-22 03:27:30"
824,21,e4c8fe9081aa425a542892185deeea62584db031,1,2,"2025-10-22 03:27:34"
825,21,7fa6695e61ef0cd3f781b5d2c666e338ba8ebcae,13,549,"2025-10-22 03:27:39"
826,21,55d1c092cb983afa779fa25069daa520b0b7e357,17,60,"2025-10-22 03:27:54"
827,21,c5656ddb93e1e5f769ea3ade39a49727200b2c5a,1,6,"2025-10-22 03:27:57"
828,21,b85111e487ad77b4c363fab9ee7156c53c5acdda,1,105,"2025-10-22 03:28:01"
829,21,0e3dafa5fb04ce4ea9aebe802c2c70dd474aa7cd,2,12,"2025-10-22 03:28:05"
830,21,a828eb4f72c53db44a69e629e0ae1e3a5b47d970,15,284,"2025-10-22 03:28:09"
831,21,48b23898ab5777172eb911275fe54c2438dc3ac8,1,9,"2025-10-22 03:28:12"
832,21,3e8d1f5387bfe23d52dae96679c9f199e11289ab,4,64,"2025-10-22 03:28:16"
833,21,43478c1d9bfd6dd6f7a9ea79fc0943603af7010e,1,4,"2025-10-22 03:28:19"
834,21,e140c061a2cba43dd41b750d66f70003f0281815,4,62,"2025-10-22 03:28:23"
835,21,9fc81b58b681a9e21eb06ae1e89cfd7185ad6d63,1,2,"2025-10-22 03:28:26"
836,21,770c8ad14d7bbe633fab226545328a7d94d0ac81,3,24,"2025-10-22 03:28:30"
837,21,a2259685ede7b73d4c756441bdd1c6e065bb0cff,14,75,"2025-10-22 03:28:34"
838,21,49e5c5e551fac97d38bc1683a7f44eb27bfd537b,36,343,"2025-10-22 03:28:37"
839,21,4f5ca88015f429b8df48efae4fd49038e11d6007,5,59,"2025-10-22 03:28:41"
840,60,1a7c0f1bcdc92d550d38a85fee1900572e6aaac5,20,912,"2025-10-22 03:28:45"
841,60,c39aff1771c05bbdb3789bf490c8d8cb366118a9,2,36,"2025-10-22 03:28:48"
842,60,32849a284b34931392eb97c29d46a911c012f9ef,14,38,"2025-10-22 03:28:52"
843,60,e24149ba9a4ddab640f5c2f44664a5fc62e9cc9f,21,1217,"2025-10-22 03:28:56"
844,60,7b783591192a942c7bac8a7b20e4e75e5684a87c,8,69,"2025-10-22 03:28:59"
845,60,0e4e6d7082e83f098d0c1a94351babb3ea407aa8,9,980,"2025-10-22 03:29:03"
846,60,11a68b694c4c395a88648ae1c3f1a07b51032b93,8,129,"2025-10-22 03:29:06"
847,60,b37597b29073f0f34f0185f5d091a82e5cba81f9,34,1385,"2025-10-22 03:29:10"
848,60,212d088cd3cb183ee105ed5e4a1611fc7fcfb640,9,91,"2025-10-22 03:29:13"
849,60,72365f63daf0dab5b3dfc1853e624482ecc3c422,4,203,"2025-10-22 03:29:17"
850,60,e44d6387dbac2f431f918bdc2522ad8d680c8ca7,2,107,"2025-10-22 03:29:20"
851,60,c7d683c9bf6118e06ac8c27674892ae19e0ad992,1,23,"2025-10-22 03:29:24"
852,60,56bf7c887fd4470d926afc6690550833739727b5,6,667,"2025-10-22 03:29:27"
853,60,cc0116948d42c85bb0d59e353228d10772193f7f,8,428,"2025-10-22 03:29:31"
854,60,8b6e69e6f7ecb105dd7478a3613c2a656de4e9e9,14,1375,"2025-10-22 03:29:34"
855,60,83db8f73f79cb2787da05bc329bec276a4e52d08,23,3111,"2025-10-22 03:29:38"
856,60,7a988bff9d4867b611d8a2b8d414e4264b7c285d,1,11,"2025-10-22 03:29:41"
857,60,4d1a611850b1604de8a4fa40a9b10320bf6ab902,1,353,"2025-10-22 03:29:46"
858,60,4cd638dbc5818f9e5e7a84daaa29ded47109e801,4,190,"2025-10-22 03:29:50"
859,60,69e858ffd26f47bc9c8f52de5066d9c14bc5cf8e,1,70,"2025-10-22 03:29:53"
860,60,cdbf7bfe66ce2cdd8ca84d1e481f3a9cc929171c,1,93,"2025-10-22 03:29:57"
861,60,3c581afdc5f8b787d829ca0c9bdacfc498084b17,1,62,"2025-10-22 03:30:00"
862,60,ca03ed435b1c68b3381b93bb18d37d04cb68161f,1,24,"2025-10-22 03:30:04"
863,60,742730ff718ed493896e1d3d14ff66a4f86257e6,3,173,"2025-10-22 03:30:08"
864,60,246e914e9a3451a7bc3d9578e0b2b43021ebe82a,1,16,"2025-10-22 03:30:11"
865,60,1e177c9244940d27663496730ed99d447d12722a,5,26,"2025-10-22 03:30:15"
866,60,58035ea658e8bb3c0db5128280f958f1e572ad4a,5,327,"2025-10-22 03:30:18"
867,60,78f6e779137bfb732862f237ae6e70b94d0e00ed,16,622,"2025-10-22 03:30:22"
868,60,1b01b521153a7dd98daef9613bf120e6c71b7de4,9,1129,"2025-10-22 03:30:25"
869,60,a34faaed0727cd5df1627de07a065d40783ed4b4,19,103,"2025-10-22 03:30:29"
870,60,f1d0ab659f28fede23c2ec3adae0c08ceec84196,10,93,"2025-10-22 03:30:33"
871,60,cc55c56ace4401c2a4023153d9e17001ab5fcc85,3,93,"2025-10-22 03:30:37"
872,60,038db11198df37664891c5bc3e9ce7b9bf52ca48,11,191,"2025-10-22 03:30:41"
873,60,47478ed5e1399bf1c272ddc13deef4f515c4185d,10,74,"2025-10-22 03:30:48"
874,60,13618dd10c38bb4a1169e91e9166abf814b977a1,2,165,"2025-10-22 03:30:51"
875,60,1f34a075627f57239a7aadbe9225e1163f49a41a,4,199,"2025-10-22 03:30:55"
876,60,c9773f411e7c8aab01f875877820a788a079828b,11,142,"2025-10-22 03:30:59"
877,60,5b546e795d6e805ab8171c59aad9b6e8a5f8af8c,2,86,"2025-10-22 03:31:04"
878,60,2e44db6b30be7ceb97468b7c226490be1b9ff088,4,312,"2025-10-22 03:31:07"
879,60,46d825080d6620da403eee7a67ec6cc3fde2c32f,1,6,"2025-10-22 03:31:11"
880,60,70f0c5fac121dd79c71e76d41c403b024ac112c3,8,251,"2025-10-22 03:31:14"
881,60,062e6a4d9ee2fc1805b20d4f6e7bd6a9361af7d4,1,120,"2025-10-22 03:31:18"
882,60,d567a9dee4d54f0401058e7c07081cf05adbd2c1,18,111,"2025-10-22 03:31:22"
883,60,1c6574d2ff6736011170e6efed8ebd38e61b7054,4,41,"2025-10-22 03:31:25"
884,60,b4eaf3ce6fcc008420d89d3454cd02851206a27b,4,391,"2025-10-22 03:31:29"
885,60,724d3df8927fe7134f5262da02adceab7ef9c4e0,3,572,"2025-10-22 03:31:32"
886,60,6d738f4aa36cc24c4478eca142d7fc449619656e,1,38,"2025-10-22 03:31:36"
887,60,01735fa853f2c730f78a439f6442d9bff9fb604d,7,439,"2025-10-22 03:31:39"
888,60,2be4355388fd75d1507cfd95740054914b567916,4,130,"2025-10-22 03:31:43"
889,60,dc44259b62fcfe7032f9bd88a5cc4d02906bd61e,35,3165,"2025-10-22 03:31:47"
890,60,ba8312f05b4b8836ba658a78288f681b8a8ed76a,30,1774,"2025-10-22 03:31:51"
891,60,538c24c8bf490eb8870c4d39c8ac5b204d3613ee,25,1283,"2025-10-22 03:31:55"
892,60,4c6defbe5296c2edede7190344d510849eb3ba83,3,476,"2025-10-22 03:31:58"
893,60,a644a8243a5dc8ff7790377d90ccfb58ea39a513,2,21,"2025-10-22 03:32:02"
894,60,39a46288c7e74d7c5c799b48ef5a42f0c47dcaad,2,67,"2025-10-22 03:32:05"
895,60,a1ec5027c070fc8d0956d7a2c4a89eff0e603806,3,139,"2025-10-22 03:32:09"
896,60,3d4bf68824270aed5e170415fabadeea8065fc9a,1,1057,"2025-10-22 03:32:12"
897,60,a70ca9c029bae9f1f4f11b989d257d8d1dc9408d,2,195,"2025-10-22 03:32:16"
898,60,04e6437dd4d06b59b3f87651e2043559f3df827e,4,1105,"2025-10-22 03:32:21"
899,60,8a1e8f57492b530cfb4f17b1d5ca7678d08b273a,3,75,"2025-10-22 03:32:24"
900,60,e0de06e45852b2348c6c80c2a9ed089da645f7cb,7,606,"2025-10-22 03:32:29"
901,60,28b050c07ff61e13682912b35ba38c28db983e0f,5,220,"2025-10-22 03:32:32"
902,60,0dc3220b71ab276e070f0c63f131025998fb708d,2,271,"2025-10-22 03:32:36"
903,60,f0da73ec7b9f00d50e7292a190b5e52f91b090b9,2,2,"2025-10-22 03:32:39"
904,60,f49981e0efebd1fbc8fd926656198147bd949c71,6,496,"2025-10-22 03:32:43"
905,60,ecd284da3365adc36647b2dd1a6ef4fad3c84671,14,1872,"2025-10-22 03:32:46"
906,60,04f3047d614931f3c7a4c235a58e3eff44cc34d7,1,27,"2025-10-22 03:32:50"
907,60,c3e0dbed1c177cba07ff6772dce6e6fe0e7af586,3,105,"2025-10-22 03:32:55"
908,60,07fabaa36bf5af4526d05657900722baea928491,1,6,"2025-10-22 03:32:59"
909,60,933c9cfacfa8adc43ec94518b494b3607f13d0f7,8,16,"2025-10-22 03:33:02"
910,60,335621e598c86bbc5e9d782e95869aaf8960e914,2,47,"2025-10-22 03:33:08"
911,60,d08abb7b1697a3ba78ee0bc5d31f841eb0c9d386,2,94,"2025-10-22 03:33:11"
912,60,dfdba3dd18e56c0b4f288c9a350245f982b27d2f,3,430,"2025-10-22 03:33:15"
913,60,3e41e723b9dcb776040e4861ae35220a72dbd798,6,102,"2025-10-22 03:33:20"
914,60,2e7cac19064d229d6f9b2ff9a3c8985d34e9c4c0,2,202,"2025-10-22 03:33:24"
915,60,d7b5213f1fd2910ce0fd111027608fb452c1f733,31,1228,"2025-10-22 03:33:27"
916,60,2f6b96d41a760087c03cdb6b9c5d2f2b57867b4b,5,70,"2025-10-22 03:33:31"
917,60,0748711c1dead905555a3f59e0b951faa409c781,7,528,"2025-10-22 03:33:37"
918,60,3bc4f4fc17de1de758be7aca094146dfec844a37,20,755,"2025-10-22 03:33:42"
919,60,5db1ffac6eb4f5e291b0274261be31d72196087d,2,16,"2025-10-22 03:33:46"
920,56,f3aa087b7eae6e77f1da35d524d3fa13b48dfbe7,4,456,"2025-10-22 03:33:51"
921,56,e240db83c3fe18d2dcd473ead672bd959d49e750,32,94,"2025-10-22 03:33:55"
922,56,57d170db06c4c6e572f3aca3de58eaa4eef4d5c6,8,929,"2025-10-22 03:33:59"
923,56,9b97559e032585d0d8c896273125f1d8fea476b5,7,830,"2025-10-22 03:34:03"
924,56,d239a814041f81dbe92a8d33938efdf17f498d31,1,45,"2025-10-22 03:34:06"
925,56,b912ab75861152bca3bf104aa8cfb9c029f91ea5,9,19,"2025-10-22 03:34:10"
926,56,ca44cfed9ed1a19c2fbb83842793c866dc38493c,13,677,"2025-10-22 03:34:15"
927,56,87638977a88b2896209d2e98f830aef82df2ef41,11,479,"2025-10-22 03:34:18"
928,56,661499693063a746a74ab6fb86f2dba76f85d802,4,68,"2025-10-22 03:34:22"
929,56,06ec3fe4e201299b08f6d85b8de2fb8bed297141,7,681,"2025-10-22 03:34:26"
930,56,77331be3e623b2a24750cc76d48828eb2cb2e6ef,9,102,"2025-10-22 03:34:29"
931,56,0605fa8d3d97e8599b00b567e194faf161312736,4,37,"2025-10-22 03:34:32"
932,56,b6af418eaaa9fa4015087b43786cb64205638c75,38,725,"2025-10-22 03:34:36"
933,56,e06d3644054457dc81a0a06d7a888ae5d3ecca93,8,128,"2025-10-22 03:34:40"
934,56,349583789104409b913f8c6fee9ab67c86da4fb2,3,8,"2025-10-22 03:34:45"
935,56,7af668916a0caf511b54205db85b509259350abd,6,643,"2025-10-22 03:34:48"
936,56,3f86ccd2b9ff493a3b134dd54c7aae27f7a6c587,10,839,"2025-10-22 03:34:51"
937,56,800a69c1053eddde37de9f90d76fbc5ec2436d31,3,171,"2025-10-22 03:34:55"
938,56,4d583083fe2564847f0099eb144e220f37c23f29,1,6,"2025-10-22 03:34:59"
939,56,55bd893dbdf145bc215c516c5a22bc415c7cd05f,4,299,"2025-10-22 03:35:02"
940,56,a977730fc2647046fbf65427297a52f47e1d4825,4,14,"2025-10-22 03:35:06"
941,56,cb3e99b52ef7d0951cb98451bac2487d844557e0,12,261,"2025-10-22 03:35:09"
942,56,7accdf8d4ac0705800bc0872188b9471eab7945c,6,89,"2025-10-22 03:35:13"
943,56,cb45125ed2279bf95c3672ab5341061776f81daa,2,4,"2025-10-22 03:35:19"
944,56,3062b72a13acd1b07c612f26bb6de6686af96fb0,4,8,"2025-10-22 03:35:22"
945,56,4a03548add73288d510b3b43184e01e1ba52abc7,4,12,"2025-10-22 03:35:26"
946,56,d859fef4eb8be9e814e69de63538cbd0bed8165f,17,1925,"2025-10-22 03:35:30"
947,56,d30041551d67f072d5900909cb6aac8f47c9a7bf,5,20,"2025-10-22 03:35:33"
948,56,edacdd757571733d50a9a14c28b1ee757aae7c3c,4,18,"2025-10-22 03:35:37"
949,56,1e9e7590a679261aba7ba5f3698ffba8191841d5,4,56,"2025-10-22 03:35:40"
950,56,11d09edfec12dd6edd036b0d836af62feb37db50,4,128,"2025-10-22 03:35:44"
951,56,a880678b646a1e35a9b163d79ec5fff0f1de38a1,4,36,"2025-10-22 03:35:49"
952,56,36dd48e08f8f529b08b49ab794d98265c3dff1a7,16,244,"2025-10-22 03:35:53"
953,56,d42f6209d0bc42e84c84c7a574ce79ba3f594d6f,10,235,"2025-10-22 03:35:57"
954,56,b0566047717a485ba0b62e16d8724d50ffe77e6c,11,361,"2025-10-22 03:36:00"
955,56,6ee1e5b211e96fe20f9f1c3141aa4f6b1cf1e14e,3,15,"2025-10-22 03:36:04"
956,56,1d5c55ac1c89c1ab883ccf75d5f4f95688384d9f,6,160,"2025-10-22 03:36:07"
957,56,a9e19b78e7fe8ebf081963dcd3ed958593e2146d,17,689,"2025-10-22 03:36:11"
958,56,f8e0bd5a28b7bf6bae2f148c799b8be488161b45,56,564,"2025-10-22 03:36:15"
959,56,c83ab1f8c32d68fd54d266d426981590eb5bc18b,4,55,"2025-10-22 03:36:18"
960,56,26d7c15c15bc1e2c3846b55513bd1cb94bf3710d,6,21,"2025-10-22 03:36:22"
961,56,1e2812ddc066404739907bc4f9a17130ee368167,11,175,"2025-10-22 03:36:26"
962,56,8eda10b1f5975070a64fc594ffa6d89f945f4b75,7,2125,"2025-10-22 03:36:31"
963,56,d456cea08128f0457d6dc920d1cb60e4e43bf59d,7,457,"2025-10-22 03:36:36"
964,56,fa80a257c3e93ce20fe2299c22e9871c4002e0b4,4,23,"2025-10-22 03:36:39"
965,56,61d6cb7a2f2b5a2bdbdcf2a0c11f1de1aa5b272b,4,100,"2025-10-22 03:36:43"
966,56,9f39706fb81a4dc48092ebf79c5e153aedecf3b3,4,83,"2025-10-22 03:36:47"
967,56,e0e8de1559ee2289ff1cc9aba58c333a5d7dd946,3,18,"2025-10-22 03:36:50"
968,56,2e8a4721e82c8fc966634d982802d96a2e412982,31,1595,"2025-10-22 03:36:54"
969,56,608785fa859b8901b5c7e3e8e558c89f96b508cf,4,11,"2025-10-22 03:36:58"
970,56,f226c66ed76ec8def5823bf4e9b704645e963efe,4,21,"2025-10-22 03:37:03"
971,56,b12ab7b86975750e8eb8f08d75a621d0493cbdb9,3,7,"2025-10-22 03:37:07"
972,56,b711d7640a3ae8032a1e9573cbdbbcecb5af31a9,3,44,"2025-10-22 03:37:10"
973,56,a18e999b2bc351c3603ec13ae5445ae8c6d6b45c,4,172,"2025-10-22 03:37:14"
974,56,243d523a352377409950163fc28c8c2de0dc4b6a,40,4025,"2025-10-22 03:37:18"
975,56,e096c7430fe062cfb244898dadfad6572163bd80,4,8,"2025-10-22 03:37:21"
976,56,a948dc79c3bc55235c1c7d13fcc90116954b745d,4,54,"2025-10-22 03:37:25"
977,56,d2a18aef82c08535e4134642070c39d98654f0f6,3,11,"2025-10-22 03:37:28"
978,56,bf6601f5fb53d7b37d2fa7598a1bc0c3bae0b221,13,854,"2025-10-22 03:37:33"
979,56,630e579bfc18ccf993b9c692a281c429261fab7b,7,14,"2025-10-22 03:37:37"
980,56,2e7ecedfee6145eb10b3772703c035f72ae56ae7,3,69,"2025-10-22 03:37:41"
981,56,159e316a50bd9b7130e6e1b5a5f383bdef00456a,5,55,"2025-10-22 03:37:44"
982,56,208c2cd8a6202d313af700257ac530b9c07c7983,7,409,"2025-10-22 03:37:48"
983,56,cbc6ac5ad0aa89e0085d06817f995b6bf949d767,4,66,"2025-10-22 03:37:51"
984,56,13546e82ea5e9c6d90da8c81968208b6959b4039,7,288,"2025-10-22 03:37:55"
985,56,3fc133e168b6bb19379234b308ae4a8ef1bd8f15,300,5176,"2025-10-22 03:37:59"
986,56,9432f72ca6f3a40d705beb76703c294e29b897a3,8,544,"2025-10-22 03:38:04"
987,56,ac9c8bab0f3c329d39f87f920d4bc978d8a45d3d,10,124,"2025-10-22 03:38:08"
988,56,b2d15dacb7923690c6eda0e27a03fceca05faa6e,7,398,"2025-10-22 03:38:13"
989,56,b93d30b40480d65bcf57922d47caa9d9483562e0,14,2445,"2025-10-22 03:38:16"
990,56,07f56b52a327cab72f020a5e773aab2a8eb110bc,10,518,"2025-10-22 03:38:20"
991,56,c82cdbbf9fac0ece1824bd4d6b4ad84875f52498,3,916,"2025-10-22 03:38:24"
992,56,5164f9b364cc5a1b9a6192348a803c6124e54691,4,18,"2025-10-22 03:38:27"
993,56,16be18ee6d050ba0a95efa4e3bc3f80a3873d2d4,43,180,"2025-10-22 03:38:35"
994,56,04447c71fc3a48edf5d04b88fa823a640c2773e9,14,377,"2025-10-22 03:38:39"
995,56,bd717a6b7e77813c72d8fcf9dc43aaa9217b7517,4,236,"2025-10-22 03:38:43"
996,56,c90207648f2d2d048022399cd39a75e7f8b9810c,7,403,"2025-10-22 03:38:49"
997,56,4aa446ee3ef10f5eb37b8c40b69658a8a89aa931,2,329,"2025-10-22 03:38:52"
998,56,5f60247fafcf5c344c302c91c7a162b1c474107a,5,555,"2025-10-22 03:38:56"
999,56,1b2f845652f128a63262a7e2b879695f71c911da,12,346,"2025-10-22 03:38:59"
1000,40,05999c70c14ed998e4c0bc19ade1518bdc3df748,4,18,"2025-10-22 03:39:06"
