commit_id,cbo,wmc,rfc,changed_sloc
143,8.3356,12.0763,17.4017,264
142,8.3305,11.9797,17.3746,124
141,8.3166,11.9682,17.335,56
140,8.3132,11.9698,17.3333,252
139,8.3216,12.0369,17.3786,663
138,8.3417,12.0201,17.3853,14
137,8.3501,12.0536,17.4221,338
136,8.34,12.0862,17.3997,2
135,8.34,12.0862,17.3997,2
134,8.3466,12.1078,17.4362,2
133,8.3516,12.1078,17.4362,2
132,8.3516,12.1095,17.4362,2
131,8.3566,12.1194,17.4627,2
130,8.3615,12.1376,17.4925,2
106,1,5,2.25,2
105,1,5,2.25,2
104,3.9316,20.0763,4.8724,2
103,3.9316,20.0763,4.8724,2
102,3.9316,20.0763,4.8724,10
101,3.9316,20.0763,4.8724,10
100,3.9316,20.0763,4.8724,10
99,3.9316,20.0763,4.8724,2
98,3.9316,20.0763,4.8724,2
97,3.9316,20.0763,4.8724,2
96,3.9329,20.0763,4.8724,2
95,3.9342,20.0882,4.8763,2
94,3.9342,20.0882,4.8763,2
93,3.9342,20.0908,4.8776,2
92,3.9342,20.0908,4.8776,2
91,3.9342,20.0908,4.8776,4
90,3.9342,20.0908,4.8776,2
89,3.9342,20.0908,4.8776,6
88,3.9342,20.0908,4.8776,8
87,3.9342,20.0908,4.8776,10
86,3.9342,20.0908,4.8776,2
85,3.9342,20.0908,4.8776,2
84,3.9342,20.0908,4.8776,2
83,3.9342,20.0908,4.8776,2
82,3.9342,20.0908,4.8776,4
81,3.9342,20.0908,4.8776,17
80,3.9342,20.0908,4.8776,2
79,3.9342,20.0908,4.8776,73
78,3.9342,20.0908,4.8776,4
77,3.9342,20.0908,4.8776,4
76,3.9342,20.0908,4.8776,2
75,3.9342,20.0908,4.8776,2
74,3.9342,20.0908,4.8776,2
73,3.9342,20.0908,4.8776,2
72,3.9342,20.0908,4.8776,2
71,3.9342,20.0908,4.8776,2
70,3.9342,20.0908,4.8776,2
69,3.9342,20.0908,4.8776,1084
68,3.9342,20.0908,4.8776,205
67,3.9342,20.0908,4.8776,4
66,3.9342,20.0908,4.8776,4
65,3.9342,20.0908,4.8776,4
64,3.9342,20.0908,4.8776,31
63,3.9342,20.0908,4.8776,31
62,3.9342,20.0908,4.8776,31
61,3.9342,20.0908,4.8776,2
60,1.8744,8.7488,6.5535,2
59,1.8744,8.7488,6.5535,2
58,3.3703,3.2904,4.9632,41
57,3.3703,3.2909,4.9632,21
56,3.3703,3.2914,4.9627,38
55,3.3703,3.2914,4.9627,38
54,3.3703,3.2914,4.9627,13
53,3.3703,3.2914,4.9627,3
52,3.3703,3.2914,4.9627,3
51,3.3703,3.2909,4.9632,12
50,3.3708,3.2904,4.9632,15
49,3.3708,3.2904,4.9632,225
48,3.3708,3.2904,4.9632,15
47,3.3708,3.2904,4.9627,332
46,3.3708,3.2893,4.9627,234
45,3.3708,3.2882,4.9627,23
44,3.3701,3.287,4.9611,110
43,3.3698,3.2844,4.9634,78
42,3.3633,3.2867,4.9741,9
41,3.3633,3.2867,4.9741,14
40,8.2166,11.6517,16.7101,120
107,5.4257,5.021,7.1865,8010
108,5.2928,4.9741,7.0993,7153
109,5.2765,4.93,7.0334,2
110,5.4257,5.021,7.1865,30
111,5.2928,4.9741,7.0993,151
112,5.2765,4.93,7.0334,23
113,5.4257,5.0207,7.1867,133
114,5.2928,4.9738,7.0995,25
115,5.2765,4.9297,7.0335,2
116,5.4257,5.0207,7.1867,78
117,5.4257,5.0207,7.1867,920
118,5.2928,4.9738,7.0995,14
119,5.2765,4.9297,7.0335,65
120,5.4258,5.0209,7.187,21
121,5.4258,5.0209,7.187,2
122,5.2929,4.9738,7.0996,12
123,5.4258,5.0209,7.187,34
124,5.4258,5.0209,7.187,6
125,5.4258,5.0208,7.187,96
126,5.2929,4.9738,7.0996,13
127,5.4261,5.0214,7.1868,1
128,5.4264,5.0214,7.1864,50
129,5.4264,5.0214,7.1864,47
1,0,1,1,12
2,8.2145,11.6688,16.7197,14
3,8.2146,11.6693,16.7194,1
4,8.2146,11.6685,16.7189,493
5,8.2146,11.6685,16.7189,5
6,8.2145,11.6685,16.7189,24
7,8.2144,11.665,16.7162,1967
8,8.2144,11.6641,16.715,7
9,8.2144,11.664,16.715,30
10,8.2134,11.6582,16.7102,14
11,8.2134,11.6577,16.7096,4065
12,8.2134,11.6576,16.7096,5
13,8.2134,11.6567,16.7091,394
14,8.2134,11.6567,16.709,49
15,8.2134,11.6566,16.7089,69
16,8.2134,11.6566,16.7089,12
17,8.2153,11.6569,16.7116,38
18,8.2166,11.656,16.7099,103
19,8.2166,11.656,16.7099,14
20,8.216,11.6555,16.7096,322
21,8.2165,11.6559,16.7099,4
22,8.2165,11.6557,16.7096,3
23,8.2165,11.6557,16.7096,2
24,8.2168,11.6562,16.7102,26
25,8.2168,11.6563,16.7106,14
26,8.2168,11.6563,16.7106,9
27,8.217,11.6565,16.7112,9
28,8.2163,11.6553,16.71,13
29,8.2162,11.6527,16.707,11
30,8.2161,11.6534,16.7087,22
31,8.216,11.6515,16.7069,34
32,8.216,11.6515,16.7069,410
33,8.2159,11.6512,16.7066,20
34,8.216,11.6516,16.7071,60
35,8.2161,11.6517,16.7074,16
36,8.2166,11.652,16.7105,2
37,8.2166,11.6517,16.7103,3
38,8.2166,11.6517,16.7103,4
39,8.2166,11.6517,16.7102,3
5124,4.9613,16.2218,10.5983,78
5123,4.9613,16.2286,10.5983,6
5122,4.9613,16.2319,10.5983,2
5121,4.9613,16.2504,10.5983,106
5120,4.9613,16.2487,10.6017,10
5119,4.9647,16.2555,10.605,2
5118,4.9647,16.2555,10.6067,44
5117,4.9664,16.2555,10.6101,25
5116,4.9765,16.2689,10.6303,26
5115,4.9832,16.2824,10.642,95
5114,4.9832,16.2824,10.642,205
5113,4.9832,16.2824,10.642,7
5112,4.9832,16.2891,10.642,11
5111,7.8936,4.8043,8.6542,24
5110,7.892,4.8098,8.6538,413
5109,7.8939,4.8168,8.6625,1068
5108,7.8937,4.8214,8.6676,20
5107,7.8882,4.7169,8.598,173
5106,7.8882,4.7169,8.598,349
5105,7.8882,4.7169,8.598,27
5104,7.8882,4.7172,8.5978,101
5103,7.8937,4.8214,8.6676,68
5102,7.894,4.8484,8.7219,131
5101,7.894,4.8476,8.7216,19
5100,7.8885,4.7171,8.5909,87
5099,7.8885,4.7171,8.5909,12
5098,7.8885,4.7171,8.5909,94
3272,1.8744,8.7488,6.5535,10
2954,3.3701,3.2952,4.9604,86
2955,3.3695,3.2947,4.9599,2
2956,3.3695,3.2947,4.9599,38
2957,3.3695,3.2947,4.9599,84
2958,3.3688,3.3024,4.9703,7
2959,3.3688,3.3018,4.9676,24
3459,3.9342,20.0908,4.8776,8
3460,3.9316,20.0763,4.8724,9
3461,3.9316,20.0763,4.8724,95
3462,3.9316,20.0763,4.8724,171
5097,7.8885,4.7174,8.5911,86
3463,3.9316,20.0763,4.8724,9
3464,3.9316,20.0763,4.8724,6
3465,3.9316,20.0763,4.8724,349
3466,3.9316,20.0763,4.8724,2687
3467,3.9316,20.0763,4.8724,11
3468,3.9316,20.0763,4.8711,36
3469,3.9316,20.0763,4.8711,2
3470,3.9316,20.0763,4.8711,116
3471,3.9316,20.0763,4.8711,50
3472,3.9316,20.0763,4.8711,18
3473,3.9316,20.0763,4.8711,45
3474,3.9316,20.0763,4.8711,9
3475,3.9316,20.075,4.8711,2
3476,3.9125,20.195,4.8422,8
3477,3.9125,20.195,4.8422,12
3478,3.9125,20.195,4.8422,362
3479,3.9125,20.195,4.8422,648
3480,3.9125,20.1923,4.8422,68
3481,3.9125,20.1923,4.8422,42
3482,3.9125,20.1923,4.8422,1199
3483,3.9125,20.191,4.8422,318
3484,3.9125,20.191,4.8342,48
3485,3.9125,20.1897,4.8342,2837
3486,3.9125,20.1897,4.8342,3
4336,5.4316,5.0033,7.1505,4
4337,5.4317,5.0033,7.1505,2
4338,5.4317,5.0033,7.1505,20
4339,5.4317,5.0033,7.1505,3850
4340,5.4317,5.0033,7.1505,2045
4341,5.4317,5.0033,7.1507,56
4342,5.4311,5.003,7.1506,107
4343,5.4309,5.0027,7.1502,19
4344,5.2913,4.9713,7.092,13
4345,5.2751,4.9283,7.0282,14
4346,5.2912,4.9711,7.0917,14
4347,5.4308,5.0026,7.1499,211
4348,5.2916,4.9726,7.0938,74
4349,5.275,4.9281,7.0279,3
4350,5.275,4.9281,7.0279,7
4351,5.4308,5.0043,7.1525,8
4352,5.293,4.9768,7.1,15
4353,5.2768,4.9327,7.0342,159
4354,5.2768,4.9327,7.0342,19
4355,5.4308,5.0043,7.1525,103
4356,5.4312,5.0042,7.1525,205
4357,5.4313,5.004,7.1523,23
4358,5.293,4.9768,7.1,23
5096,7.8962,4.8322,8.7132,16
4359,5.4315,5.0047,7.1531,4
4360,5.4315,5.0048,7.1526,26
4361,5.4314,5.0048,7.1526,35
4362,5.4312,5.005,7.1528,451
4363,5.293,4.9768,7.0999,29
4364,5.2768,4.9327,7.0342,4
3487,1,5,2.25,354
3488,1,5,2.25,135
3489,1,5,2.25,133
2369,8.2159,11.6756,16.7394,2
2370,8.2158,11.6756,16.7394,45
2371,8.2158,11.6756,16.7393,150
2372,8.2188,11.6801,16.7434,40
2373,8.2188,11.68,16.743,162
2374,8.2188,11.68,16.7431,20
5095,7.8887,4.7174,8.5914,66
2375,8.219,11.6795,16.7435,204
2376,8.219,11.6795,16.7435,167
2377,8.219,11.6795,16.7435,11
2378,8.219,11.6794,16.7435,79
2379,8.2185,11.6786,16.7423,5
2380,8.2185,11.6786,16.7423,575
2381,8.2184,11.6785,16.7423,33
5094,7.8885,4.7174,8.5911,64
2382,8.2184,11.6783,16.7419,30
2383,8.2184,11.6783,16.7419,2
2384,8.2184,11.6783,16.7419,114
2385,8.218,11.6781,16.7418,64
2387,8.2167,11.6784,16.7432,82
2388,8.2167,11.6784,16.7432,64
5093,7.8887,4.7174,8.5914,6
2389,8.216,11.6756,16.7404,57
2390,8.2152,11.6756,16.7389,31
2391,8.2151,11.6755,16.7388,27
2392,8.2154,11.6759,16.7395,655
2393,8.2145,11.6758,16.7393,1
2394,8.2145,11.6757,16.7392,33
2395,8.2144,11.6754,16.7388,26
2396,8.2113,11.6734,16.7344,43
5092,7.889,4.7174,8.5909,6
2397,8.2112,11.6727,16.7337,34
2398,8.2097,11.672,16.7319,35
2399,8.2097,11.672,16.7319,35
2400,8.2096,11.6715,16.7316,138
2401,8.2096,11.6715,16.7316,68
2402,8.2096,11.6715,16.7316,41
2403,8.2096,11.6715,16.7315,29
5091,7.8962,4.8322,8.7132,27
2404,8.2096,11.6715,16.7315,5
2405,8.2096,11.6715,16.7315,29
2406,8.2096,11.6714,16.7314,992
2407,8.2096,11.6714,16.7314,3
2408,8.2096,11.6712,16.7311,311
2409,8.2095,11.6711,16.731,176
2410,8.2094,11.671,16.7309,65
2411,8.2094,11.671,16.7308,20
2412,8.2094,11.671,16.7308,22
2413,8.2103,11.6709,16.7306,63
2414,8.2095,11.6709,16.7308,35
2415,8.2095,11.6709,16.7308,127
2416,8.2095,11.6709,16.7308,3
2417,8.2095,11.6709,16.7307,124
2418,8.2094,11.6705,16.7305,20
2419,8.2094,11.6705,16.7305,8
2420,8.2092,11.6705,16.7304,4
2421,8.2095,11.67,16.7299,4
2422,8.2095,11.67,16.7299,203
2423,8.2096,11.6697,16.7302,201
2424,8.2096,11.6697,16.7302,36
2425,8.2097,11.6697,16.73,36
2426,8.2094,11.6702,16.73,221
2427,8.2096,11.6704,16.7299,8
2428,8.2091,11.6707,16.73,2
2429,8.2092,11.6708,16.7301,13
2430,8.2091,11.6708,16.73,163
2431,8.2091,11.6707,16.73,265
2432,8.2092,11.6707,16.73,88
2433,8.2095,11.6714,16.7317,403
2434,8.2094,11.6711,16.7314,7
4447,8.381,12.4368,17.7373,1
4448,8.381,12.4368,17.7373,1
4449,8.3997,12.3388,17.7122,407
4450,8.3997,12.3339,17.7072,15
4451,8.398,12.2961,17.6316,15
4452,8.398,12.1957,17.6135,291
4453,8.3937,12.1301,17.5272,85
4454,8.3632,12.1443,17.5041,20
4455,8.3632,12.1459,17.5025,192
4456,8.3356,12.0763,17.4017,54
4457,8.3356,12.0983,17.3983,29
4458,8.2432,11.8231,17.1276,4655
4459,8.2398,11.8095,17.0459,1
4460,8.2436,11.8211,17.046,1
4461,8.2085,11.7265,16.9607,7
3122,1.1946,5.9494,3.249,125
3123,1.1946,5.9494,3.249,24
3124,1.1946,5.9494,3.249,79
3125,1.1953,5.9609,3.2617,218
3126,1.1992,5.9609,3.2617,5
3127,1.1922,5.9686,3.2588,9
3128,1.1922,5.9804,3.2627,370
3129,1.185,5.9803,3.2559,365
3130,1.1858,5.9763,3.2451,87
3131,1.1897,5.9644,3.2451,7
3132,1.1858,5.9565,3.249,1
3133,1.1825,5.9484,3.254,44
3134,1.1833,5.9522,3.259,22
3135,1.1833,5.9323,3.255,3
3136,1.2,5.94,3.244,3
3137,1.2,5.94,3.244,17
3138,1.2032,5.9402,3.2749,17
3139,1.1912,5.9402,3.2749,17
3140,1.1873,5.9402,3.2749,3
3141,1.188,5.944,3.272,14
3142,1.1888,5.9518,3.2811,42
3143,1.1976,5.9516,3.2903,14
3144,1.1943,5.9352,3.2996,2
3145,1.1992,5.939,3.3089,2
3146,1.1926,5.9385,3.3197,1
3147,1.177,5.9383,3.3292,31
3148,1.177,5.9424,3.3333,18
3149,1.1777,5.9298,3.343,38
3150,1.1577,5.9378,3.3195,1645
3151,1.1417,5.9375,3.3,1645
3152,1.1345,5.9496,3.3151,1626
3153,1.1392,5.9705,3.3249,1626
3154,1.1416,6.0043,3.3605,1626
3155,1.1422,6.0172,3.3664,1613
3156,1.1429,6.0346,3.3723,30
3157,1.1435,6.0348,3.3739,41
3158,1.177,5.9383,3.3292,16
3159,1.177,5.9383,3.3292,22
3160,1.177,5.9424,3.3333,48
3161,1.1777,5.9298,3.343,8
3162,1.1577,5.9378,3.3195,15
3163,1.1417,5.9375,3.3,15
3164,1.1345,5.9496,3.3151,4
3165,1.1392,5.9705,3.3249,4
3166,1.1416,6.0043,3.3605,58
3167,1.1422,6.0172,3.3664,11656
3168,1.1429,6.0346,3.3723,2
3169,1.1435,6.0348,3.3739,9942
3170,1.156,6.1193,3.4679,42
3171,1.156,6.1193,3.4679,38
3172,1.156,6.1193,3.4679,16
3173,1.156,6.1193,3.4679,328
3174,1.156,6.1193,3.4679,80
3175,1.0392,5.7941,4.598,8
3176,1.0392,5.7549,4.598,21
3177,1.0392,5.7549,4.598,174
3178,1.0392,5.7157,4.5098,42
4586,2.0784,8.6271,5.2615,3
4587,2.0773,8.6076,5.2551,20
4588,2.0766,8.5966,5.2446,5
4589,2.0781,8.5839,5.2176,85
4590,2.08,8.5924,5.2241,9942
4591,2.0808,8.5999,5.2238,174
4592,2.0809,8.5726,5.2125,8
4593,2.0803,8.5683,5.2112,2
4594,2.0792,8.5671,5.2072,105
4595,2.0774,8.5613,5.2125,234
4596,2.0764,8.5469,5.2135,4
4597,2.0764,8.5345,5.2142,7136
4598,2.0764,8.5245,5.2135,3130
4599,2.0764,8.5102,5.2123,34
4600,2.0764,8.5003,5.2098,2
4601,2.0745,8.4876,5.2012,2125
4602,2.0779,8.4885,5.1888,1
4603,2.078,8.4791,5.1865,2
4604,2.0769,8.4856,5.19,20
4605,2.077,8.4915,5.1947,335
4606,2.0697,8.4664,5.1751,1827
4607,2.0686,8.4547,5.1792,161
4608,2.0686,8.4352,5.1786,4
4609,2.0674,8.4188,5.1757,41
4610,2.0674,8.4152,5.1758,244
4611,2.0681,8.4008,5.1739,116
4612,2.0681,8.3894,5.1739,20
4613,2.0662,8.3767,5.1703,5
4614,2.0649,8.3726,5.1696,4202
4615,2.0632,8.3733,5.168,20
4616,2.0632,8.3683,5.1674,141
4617,2.0619,8.3426,5.1593,731
4618,2.0613,8.3369,5.1587,1540
4619,2.0601,8.3112,5.1455,2493
4620,2.0595,8.2949,5.1424,3405
4621,2.0589,8.2831,5.1349,191
4622,2.059,8.2828,5.1319,744
4623,2.0596,8.2874,5.1377,215
4624,2.0591,8.2903,5.1391,2
4625,2.0598,8.2877,5.1445,51
4626,2.0605,8.2887,5.1428,1235
4627,2.0613,8.2878,5.1468,225
4628,2.0607,8.2869,5.1482,175
4629,2.0614,8.2783,5.1452,1041
4630,2.0615,8.2787,5.1467,5110
4631,2.0616,8.2636,5.143,1046
4632,2.063,8.2648,5.1472,1226
4633,2.0624,8.2592,5.1389,102
4634,2.0639,8.2343,5.133,115
4635,2.0627,8.212,5.1254,34
4636,2.0642,8.2139,5.116,20
4637,2.0636,8.2038,5.1071,7
4638,2.0637,8.2001,5.1053,266
4639,2.0638,8.2082,5.1054,4
4640,2.0638,8.2117,5.1049,742
4641,2.0633,8.2166,5.1031,6
4642,2.0634,8.2188,5.1065,27941
4643,2.0621,8.2132,5.1027,27941
4644,2.0635,8.2161,5.1054,522
4645,2.0623,8.2211,5.1056,737
4646,2.0644,8.224,5.1051,283
4647,2.0638,8.2143,5.0999,5
4648,2.0619,8.1856,5.0902,10
4649,2.0633,8.1859,5.0943,125
4650,2.0613,8.1715,5.0877,4236
4651,2.0608,8.1554,5.0774,6940
4652,2.0615,8.1541,5.078,39
4653,2.061,8.1524,5.0822,99
4654,2.061,8.1524,5.0822,1
4655,2.0624,8.1586,5.0823,67
4656,2.0625,8.1429,5.0797,212
4657,2.0632,8.145,5.0832,370
4658,2.064,8.1439,5.0833,1180
3512,7.1479,15.2302,14.4952,18136
3513,7.1515,15.2318,14.489,527
3514,7.1515,15.2318,14.489,29
3515,7.1479,15.23,14.4952,91
3516,7.1479,15.2301,14.4952,4
3517,7.1479,15.2301,14.4952,22002
3518,7.1479,15.2298,14.4952,416
3519,7.1515,15.2317,14.4889,19
3520,7.1479,15.2297,14.4951,390
3521,7.1479,15.2297,14.4952,20
3522,7.1479,15.2298,14.4952,2
3523,7.1515,15.2316,14.4889,1277
3524,7.1479,15.2297,14.4951,5
3525,7.1479,15.2297,14.4951,159
3526,7.1479,15.2296,14.495,214
3527,7.1484,15.229,14.4947,216
3528,7.1484,15.2292,14.4941,188
3529,7.1484,15.2292,14.4941,231
3530,7.148,15.229,14.4941,17
3531,7.1515,15.2316,14.4889,1197
3532,7.1516,15.2304,14.489,108
3533,7.148,15.229,14.4941,51
3534,7.1484,15.2284,14.4936,571
3535,7.148,15.2289,14.4941,1348
3536,7.1515,15.2315,14.4888,2401
3537,7.1515,15.2309,14.4887,184
3538,7.148,15.2286,14.4938,184
3540,7.1515,15.2312,14.4885,191
3541,7.1515,15.231,14.4884,745
3542,7.148,15.228,14.4937,564
3543,7.1474,15.2285,14.4938,4
3544,7.148,15.2282,14.4936,119
3545,7.1515,15.2309,14.4885,231
3546,7.148,15.2279,14.4935,44
3547,7.148,15.2279,14.4935,2
3548,7.148,15.2279,14.4935,368
3549,7.1515,15.2306,14.4884,337
3550,7.148,15.2279,14.4935,61
3551,7.148,15.2291,14.4922,6
3552,7.1443,15.2291,14.4912,3
3553,7.1498,15.2295,14.4895,85
3554,7.15,15.2321,14.4879,3
3555,7.15,15.2321,14.4879,313
3556,7.1515,15.2306,14.4884,14
3557,7.15,15.2321,14.4879,7
3558,7.15,15.2321,14.4879,2
3559,7.1515,15.2306,14.4884,2
3560,7.1499,15.2322,14.4879,723
3561,7.1499,15.2322,14.4879,303
3562,7.15,15.2326,14.489,2
3563,7.1517,15.2323,14.4914,61
3564,7.15,15.2325,14.4889,176
3565,7.1517,15.2322,14.4913,2
3566,7.1517,15.2322,14.4913,6
3567,7.1503,15.2322,14.4876,29
3568,7.1517,15.2322,14.4913,49
3569,7.1517,15.232,14.4909,4
3570,7.1517,15.232,14.4909,2129
3571,7.1516,15.2319,14.4907,2
3572,7.1515,15.2306,14.4884,4
3573,7.1515,15.2306,14.4884,27
3574,7.1515,15.2306,14.4884,17
3575,7.1516,15.2307,14.4885,195
3576,7.1514,15.2322,14.4917,21
3577,7.1517,15.2308,14.4894,20
3578,7.1517,15.232,14.4917,233
3579,7.1516,15.2307,14.4885,11
3580,7.1516,15.2306,14.4889,422
3581,7.1517,15.2321,14.4917,2
3582,7.1517,15.2308,14.4894,207
3583,7.1516,15.2308,14.4905,2
3584,7.1517,15.232,14.4914,34
3585,7.1517,15.2307,14.4891,4
3586,7.1517,15.2307,14.4889,26
3587,7.1514,15.2321,14.4915,10360
3588,7.1514,15.2321,14.4916,33
3589,7.1516,15.2308,14.4904,0
3590,7.1514,15.232,14.4913,125
3591,7.1516,15.2307,14.4902,44
3592,7.1514,15.232,14.4914,4527
3593,7.1514,15.2319,14.4914,88
3594,7.1516,15.2307,14.4902,2
3595,7.1516,15.2307,14.4902,14
3596,7.1514,15.2321,14.4913,191
3597,7.1519,15.2309,14.4907,7
3598,7.1514,15.232,14.4913,4
4365,5.2532,7.4542,8.1308,496
4366,5.242,7.5022,8.1408,3
4367,5.239,7.5031,8.1391,266
4368,5.253,7.4552,8.1314,488
4369,5.239,7.5031,8.1391,13
4370,5.239,7.5031,8.1393,2
4371,5.2574,7.4814,8.1482,1573
4372,5.2433,7.5301,8.1594,39
4373,5.2433,7.5299,8.1594,70
4374,5.2574,7.4814,8.1482,36
4375,5.2574,7.4814,8.1482,132
4376,5.2435,7.5303,8.1604,14
4377,5.2435,7.5302,8.1602,364
4378,5.2435,7.5302,8.1602,176
4379,5.2573,7.4813,8.1481,5
4380,5.2435,7.5302,8.1602,4105
4381,5.258,7.4819,8.1479,5
4382,5.2581,7.482,8.148,1247
4383,5.258,7.482,8.148,5
4384,5.258,7.482,8.148,687
4385,5.2441,7.5308,8.1596,433
4386,5.258,7.482,8.148,498
4387,5.258,7.482,8.148,61
4388,5.258,7.4818,8.1479,239
4389,5.2579,7.4827,8.1481,9
4390,5.2579,7.4827,8.1481,1781
4391,5.2575,7.4835,8.1486,1112
4392,5.2575,7.4834,8.1484,19
4393,5.2575,7.4834,8.1484,2251
4394,5.2576,7.4832,8.1482,1872
4395,5.2575,7.4831,8.1479,1767
4396,5.2575,7.483,8.1477,58
4397,5.2575,7.4829,8.1475,168
4398,5.2441,7.5308,8.1596,371
4399,5.2575,7.4829,8.1475,4
4400,5.257,7.4816,8.1443,22
4401,5.257,7.4816,8.1443,5
4402,5.257,7.4816,8.1443,22
4403,5.257,7.4816,8.1443,6
4404,5.257,7.4816,8.1443,11
4405,5.2441,7.5308,8.1596,22
4406,5.257,7.4816,8.1443,2
4407,5.2572,7.4823,8.1448,4
4408,5.2572,7.4823,8.1448,4
4409,5.2441,7.5308,8.1596,8
4410,5.2572,7.4823,8.1448,25
4411,5.2441,7.5308,8.1596,8
4412,5.2572,7.4822,8.1447,29
4413,5.2573,7.4816,8.1445,2
4414,5.2573,7.4816,8.1445,14
4415,5.2578,7.4825,8.1457,19
4416,5.2581,7.4832,8.1463,2
4417,5.2441,7.5308,8.1596,3
4418,5.2582,7.4833,8.1467,8
4419,5.2582,7.4832,8.1467,7
4420,5.2582,7.4831,8.1465,7
4421,5.2443,7.5309,8.1599,2
4422,5.2582,7.4831,8.1469,2
4423,5.2574,7.4819,8.1469,3
4424,5.2443,7.5309,8.1603,10
4425,5.2443,7.5309,8.1603,4
4426,5.2574,7.4818,8.1465,10
4427,5.2443,7.5309,8.1599,10
4428,5.2443,7.5309,8.1598,2
4429,5.2443,7.5309,8.1597,4
4430,5.2569,7.4816,8.145,22
4431,5.2438,7.5307,8.1584,13
4432,5.2438,7.5307,8.1584,30
4433,5.2437,7.5305,8.1583,11
4434,5.2568,7.4815,8.1449,4
4435,5.2568,7.4813,8.1447,4
4436,5.2568,7.481,8.1444,40
4437,5.2568,7.4806,8.1439,13
4438,5.2568,7.4802,8.1437,28
4439,5.2567,7.4802,8.1437,15
4440,5.2566,7.4799,8.1434,12
4441,5.2566,7.4799,8.1434,27
4442,5.2437,7.5305,8.1583,5
4443,5.2566,7.4799,8.1435,13
4444,5.2566,7.4799,8.1435,4
4445,5.2565,7.4798,8.1435,4
4446,5.2437,7.5305,8.1585,1
2774,4.0477,6.7465,6.5571,1
2775,4.0477,6.7465,6.5571,51
2776,4.0477,6.7465,6.5571,126
2777,4.0477,6.7465,6.5571,1
2778,4.0477,6.7465,6.5564,6
2779,4.0477,6.7465,6.5564,2
2780,4.0477,6.7465,6.5564,37
2781,4.0477,6.7465,6.5564,244
2782,4.0417,6.7482,6.5538,459
2783,4.0477,6.7465,6.5564,252
2784,4.0417,6.7482,6.5538,8
2785,4.0417,6.7479,6.5538,3
2786,4.0417,6.7479,6.5538,4
2787,4.0417,6.7479,6.5538,10
2788,4.0432,6.7479,6.5534,171
2789,4.0424,6.7502,6.5515,103
2790,4.0427,6.7502,6.5527,4
2791,4.0432,6.7508,6.5539,3
2792,4.0432,6.7513,6.5539,132
2793,4.0432,6.7511,6.5539,7
2794,4.0432,6.7511,6.5539,708
2795,4.0432,6.7511,6.5539,63
2796,4.0432,6.7516,6.5542,13
2797,4.0432,6.7516,6.5542,15
2798,4.0424,6.7507,6.5534,48
2799,4.0424,6.7507,6.5534,7
2800,4.0424,6.7501,6.553,4
2801,4.0424,6.7501,6.553,47
2802,4.0395,6.736,6.5413,2334
2803,4.039,6.7335,6.5395,42
2804,4.0392,6.7335,6.5395,21
2805,4.0392,6.7335,6.5395,48
2806,4.0395,6.7335,6.5396,146
2807,4.0395,6.7335,6.5396,31
2808,4.04,6.7335,6.5396,74
2809,4.04,6.7335,6.5407,441
2810,4.04,6.7337,6.5409,99
2811,4.04,6.7337,6.5409,67
2812,4.04,6.7337,6.5409,56
2813,4.04,6.7335,6.5407,2
2814,4.04,6.7335,6.5407,5
2815,4.0398,6.7344,6.5413,38
2816,4.0398,6.7343,6.5408,60
2817,4.0398,6.7343,6.5408,8
2818,4.04,6.7341,6.5411,2
2819,4.04,6.7342,6.5411,22
2820,4.04,6.7342,6.5411,100
2821,4.0398,6.7341,6.5411,8
2822,4.0398,6.7341,6.5411,4
2823,4.0398,6.7341,6.5411,210
2824,4.0398,6.7341,6.5411,6
2825,4.0398,6.7341,6.5411,3
2826,4.0398,6.7341,6.5411,2
2827,4.0398,6.7341,6.5409,113
2828,4.0398,6.7337,6.5409,9
2829,4.0398,6.7341,6.5411,122
2830,4.0398,6.7341,6.5411,721
2831,4.0398,6.7341,6.5411,10
2832,4.0398,6.7341,6.5411,77
2833,4.0398,6.7342,6.5412,590
2834,4.0371,6.7236,6.529,12
2835,4.0371,6.7236,6.529,947
2836,4.0371,6.7236,6.529,74
2837,4.0371,6.7236,6.529,18
2838,4.0371,6.7236,6.529,7
2839,4.0371,6.7236,6.529,2
2840,4.0371,6.7237,6.5297,549
2841,4.0371,6.7237,6.5297,60
2842,4.0368,6.7234,6.5292,6
2843,4.0368,6.7234,6.5292,105
2844,4.0368,6.7234,6.5292,12
2845,4.0368,6.7188,6.5292,284
2846,4.0366,6.7185,6.5289,9
2847,4.0366,6.7185,6.5289,64
2848,4.0364,6.7176,6.5281,4
2849,4.0385,6.7186,6.5302,62
2850,4.0389,6.7189,6.5303,2
2851,4.0389,6.7189,6.5303,24
2852,4.0389,6.7189,6.5303,75
2853,4.0389,6.7189,6.5303,343
4077,2.5248,4.0837,4.111,59
4078,2.5248,4.0837,4.111,912
4079,2.5248,4.0837,4.111,36
4080,2.5246,4.084,4.11,38
4081,2.5243,4.0833,4.1094,1217
4082,2.5241,4.0822,4.1078,69
4083,2.5241,4.0822,4.1078,980
4534,5.9097,20.5358,14.3271,129
4535,5.9034,20.5358,14.3271,1385
4536,5.9034,20.4984,14.324,91
4537,5.9034,20.4984,14.324,203
4538,5.9219,20.5625,14.3688,107
4539,5.9219,20.5562,14.3656,23
4540,5.9219,20.5562,14.3656,667
4541,5.9188,20.4937,14.3469,428
4542,5.9188,20.4875,14.3469,1375
4543,5.9156,20.4844,14.3281,3111
4544,5.9156,20.4844,14.3281,11
4545,5.9219,20.4781,14.3219,353
4546,5.9219,20.4781,14.3219,190
4547,5.9219,20.4781,14.3156,70
4548,5.9373,20.5172,14.3448,93
4549,5.9373,20.4451,14.326,62
4550,5.9373,20.4451,14.326,24
4551,5.9373,20.4702,14.326,173
4552,5.9373,20.4514,14.3166,16
4553,5.9373,20.4201,14.3135,26
4554,5.9373,20.4201,14.3135,327
4555,5.9373,20.4201,14.3103,622
4556,5.9373,20.3981,14.2978,1129
4557,5.9373,20.3981,14.2978,103
4558,5.9373,20.3981,14.2978,93
4559,5.9373,20.3981,14.2978,93
4560,5.9373,20.3981,14.2978,191
4561,5.9373,20.3981,14.2978,74
4562,5.9373,20.3981,14.2978,165
4563,5.9373,20.3918,14.2978,199
4564,5.9373,20.3386,14.2633,142
4565,5.9373,20.3072,14.2696,86
4566,5.9434,20.4434,14.3585,312
4567,5.9306,20.4574,14.3565,6
4568,5.9306,20.4574,14.3565,251
4569,5.9274,20.429,14.3438,120
4570,5.9211,20.306,14.2965,111
4571,5.9338,20.3123,14.306,41
4572,5.9338,20.3091,14.306,391
4573,5.9338,20.2839,14.306,572
4574,5.9338,20.2681,14.2839,38
4575,5.9338,20.265,14.2839,439
4576,5.9306,20.2587,14.2681,130
4577,5.9306,20.2303,14.2618,3165
4578,5.9304,20.2753,14.2816,1774
4579,5.9209,20.269,14.2753,1283
4580,5.9302,20.3302,14.3206,476
4581,5.9302,20.3111,14.2984,21
4582,5.9108,20.3471,14.3025,67
4583,5.9486,20.4759,14.4116,139
4584,5.9194,20.4548,14.3581,1057
4585,5.9194,20.4516,14.3516,195
2043,7.4925,12.6095,12.0947,1105
2044,7.4921,12.6084,12.0935,75
2045,7.4925,12.6082,12.0937,606
2046,7.4924,12.608,12.0941,220
2047,7.4924,12.6078,12.0937,271
2048,7.4914,12.6073,12.0917,2
2049,7.4952,12.61,12.0936,496
2050,7.4949,12.6089,12.0941,1872
2051,7.4949,12.6085,12.094,27
2052,7.495,12.6084,12.0939,105
2053,7.4937,12.6042,12.0907,6
2054,7.4937,12.6042,12.0907,16
2055,7.4904,12.604,12.0908,47
2056,7.4904,12.604,12.0907,94
2057,7.4903,12.6035,12.0905,430
2058,7.4903,12.6035,12.0906,102
2059,7.4904,12.604,12.0908,202
2060,7.4903,12.6035,12.0906,1228
2061,7.4898,12.601,12.0887,70
2062,7.4898,12.5998,12.0879,528
2063,7.4905,12.6007,12.0891,755
2064,7.4885,12.6029,12.0887,16
2065,7.4885,12.6029,12.0887,456
2066,7.4887,12.6026,12.0889,94
2067,7.4887,12.6023,12.0889,929
2068,7.488,12.601,12.0861,830
2069,7.4884,12.6018,12.0855,45
2070,7.4881,12.6025,12.0854,19
2071,7.488,12.6026,12.0843,677
2072,7.488,12.6026,12.084,479
2073,7.4881,12.6025,12.084,68
2074,7.4881,12.6012,12.0815,681
2075,7.4881,12.6016,12.0801,102
2076,7.4882,12.6016,12.08,37
2077,7.4882,12.6016,12.0796,725
2078,7.4877,12.6008,12.0786,128
2079,7.4877,12.6006,12.0786,8
2080,7.4877,12.6005,12.0785,643
2081,7.4877,12.6003,12.0785,839
2082,7.491,12.6037,12.0833,171
2083,7.491,12.6037,12.0834,6
2084,7.491,12.6037,12.0834,299
2085,7.491,12.6038,12.0833,14
2086,7.491,12.6038,12.0833,261
2087,7.4911,12.6044,12.0833,89
2088,7.4913,12.6038,12.0824,4
2089,7.4911,12.6044,12.0834,8
2090,7.4913,12.6038,12.0825,12
2091,7.4915,12.6038,12.0825,1925
2092,7.4915,12.6036,12.0823,20
2093,7.4818,12.6038,12.0821,18
2094,7.4818,12.6038,12.0821,56
2095,7.4818,12.6038,12.0821,128
2096,7.4817,12.6032,12.0816,36
2097,7.4812,12.6032,12.0815,244
2098,7.4671,12.5964,12.0718,235
2099,7.4682,12.5978,12.0734,361
2100,7.4679,12.5966,12.0718,15
2101,7.4679,12.5966,12.0718,160
2102,7.4679,12.5963,12.0716,689
2103,7.4679,12.5959,12.0713,564
2104,7.4679,12.5959,12.071,55
2105,7.4671,12.5966,12.0703,21
2106,7.4668,12.596,12.0699,175
2107,7.4669,12.5964,12.0701,2125
2108,7.4669,12.5962,12.07,457
2109,7.4669,12.5963,12.0701,23
2110,7.4661,12.5955,12.0697,100
2111,7.4658,12.5951,12.0694,83
2112,7.4658,12.5949,12.0693,18
2113,7.4657,12.5944,12.0691,1595
2114,7.4651,12.5939,12.0682,11
2115,7.4651,12.5939,12.0682,21
2134,7.4921,12.6107,12.0938,7
2135,7.4924,12.6108,12.0946,44
2136,7.4924,12.6102,12.0946,172
2137,7.4924,12.6101,12.0946,4025
2138,7.4925,12.6104,12.0948,8
2139,7.4925,12.6102,12.0948,54
2140,7.4925,12.6097,12.0948,11
2141,7.4651,12.5938,12.0681,854
2142,7.4667,12.5957,12.0707,14
2143,7.4668,12.5948,12.0709,69
2144,7.4668,12.5948,12.0709,55
2145,7.4668,12.5945,12.0709,409
2146,7.4674,12.5956,12.0711,66
2147,7.4674,12.5954,12.0711,288
2148,7.4679,12.5943,12.0707,5176
2149,7.4673,12.5965,12.0721,544
4258,4.4583,9.8642,10.7014,124
4259,4.4583,9.8639,10.7014,398
4260,4.4583,9.8632,10.7011,2445
4261,4.4583,9.8632,10.7011,518
4262,4.4572,9.8669,10.6971,916
4263,4.4572,9.8683,10.6981,18
4264,4.4568,9.8679,10.6967,180
4265,4.4579,9.8626,10.7017,377
4266,4.4579,9.8626,10.7017,236
4267,4.4579,9.8626,10.7014,403
4268,4.4579,9.8623,10.701,329
4269,4.4579,9.8616,10.7007,555
4270,4.4579,9.8581,10.7,346
4271,4.4579,9.8578,10.7,18
4272,4.4572,9.8564,10.6979,141
4273,4.4572,9.8502,10.6972,3
4274,4.4572,9.8502,10.6968,349
4275,4.4568,9.8498,10.6968,3
4276,4.4568,9.8495,10.6968,632
4277,4.4589,9.8502,10.702,2
4278,4.4552,9.8442,10.6985,9
4279,4.4552,9.8442,10.6985,13
4280,4.4515,9.8527,10.703,45
4281,4.4515,9.8524,10.7009,91
4282,4.4509,9.8513,10.7002,424
4283,4.4509,9.8513,10.7002,177
4284,4.4509,9.8513,10.7002,274
4285,4.4509,9.851,10.6999,104
4286,4.4485,9.8428,10.6932,178
4287,4.4478,9.8428,10.6925,61
4288,4.4478,9.8421,10.6925,401
4289,4.4478,9.841,10.6921,145
4290,4.4478,9.841,10.6921,24
4291,4.4439,9.8354,10.6895,2
4292,4.4439,9.8354,10.6891,23
4293,4.4454,9.8384,10.6911,353
4294,4.446,9.8405,10.6913,101
4295,4.4446,9.8345,10.6858,24
4296,4.4439,9.8339,10.6834,490
4297,4.4439,9.8349,10.6834,3
4298,4.4439,9.8328,10.6827,99
4299,4.4447,9.8255,10.6735,4
4300,4.4463,9.8285,10.6765,363
4301,4.4463,9.8282,10.6762,545
4302,4.444,9.8237,10.6711,110
4303,4.4428,9.823,10.6682,73
4304,4.4463,9.823,10.6589,31
4305,4.4463,9.8223,10.6575,5
4306,4.4468,9.8254,10.6598,360
4307,4.4475,9.8254,10.6598,175
4308,4.4472,9.8233,10.6574,7
4309,4.4472,9.8233,10.6574,2
4310,4.4479,9.8222,10.6549,34
4311,4.4484,9.819,10.6531,132
4312,4.4486,9.8242,10.6516,45
4313,4.4485,9.8208,10.6448,245
4314,4.4481,9.8194,10.6434,496
4315,4.4481,9.8198,10.6437,298
4316,4.4453,9.8158,10.6354,48
4317,4.4514,9.815,10.6605,115
4318,4.4517,9.8069,10.6564,7
4319,4.4395,9.786,10.5752,1434
4320,4.4395,9.785,10.5728,128
4321,4.4395,9.7843,10.5717,2
4322,4.4395,9.7883,10.5753,89
4323,4.4395,9.7883,10.5749,40
4324,4.4404,9.7961,10.567,894
4325,4.4404,9.7958,10.5673,254
4326,4.4404,9.7951,10.5666,228
4327,4.4365,9.7886,10.5614,191
4328,4.4353,9.7882,10.5602,49
4329,4.4319,9.7617,10.5348,2
4330,4.4319,9.7606,10.5319,169
4331,4.4289,9.7507,10.5277,4
4332,4.4271,9.7475,10.5252,45
4333,4.4267,9.7422,10.5185,43
4334,4.4267,9.7422,10.5178,86
4335,4.4267,9.7422,10.5178,42
3047,7.1367,12.8633,13.39,318
3048,7.1367,12.8668,13.39,79
3049,7.1367,12.8668,13.3876,78
3050,7.1379,12.8656,13.3841,86
3051,7.1379,12.8609,13.3817,6
3052,7.1379,12.8597,13.3805,17
3053,7.1391,12.8597,13.3698,10
3054,7.1379,12.8597,13.3698,2
3055,7.1379,12.8597,13.3698,7
3056,7.1379,12.8573,13.3698,2
3057,7.1356,12.8573,13.3698,133
3058,7.1176,12.8397,13.3729,10
3059,7.1188,12.842,13.3729,2
3060,7.1023,12.8323,13.327,28
3061,7.1023,12.8323,13.327,71
3062,7.1123,12.8244,13.3226,1
3063,7.1147,12.8184,13.3082,10
3064,7.1544,12.661,13.3185,114
3065,7.152,12.6574,13.3185,2
3066,7.1472,12.6031,13.2774,639
3067,7.1472,12.5995,13.275,17
3068,7.1484,12.6019,13.275,5
3069,7.1484,12.6019,13.275,93
3070,7.1435,12.5682,13.2437,82
3071,7.1435,12.5682,13.2437,30
3072,7.1411,12.5669,13.2425,406
3073,7.1399,12.5706,13.2425,472
3074,7.1482,12.5614,13.2422,11
3075,7.1679,12.5628,13.2379,105
3076,7.157,12.5592,13.256,2
3077,7.1729,12.5768,13.2539,145
773,5.4196,10.8531,11.7159,1089
774,5.4188,10.8502,11.711,12
775,5.4197,10.8583,11.7202,522
776,5.4197,10.8583,11.7202,33
777,5.4197,10.8583,11.7202,2
778,5.4188,10.8601,11.7216,3
779,5.4188,10.8597,11.7214,1156
780,5.4174,10.8341,11.7148,72
781,5.4174,10.8327,11.7146,113
782,5.4174,10.8327,11.7144,58
783,5.4174,10.8325,11.7142,70
784,5.4174,10.8317,11.7138,85
785,5.4174,10.8317,11.7138,75
786,5.4174,10.8317,11.7138,23
787,5.417,10.8313,11.7122,115
788,5.4373,10.8666,11.7415,117
789,5.4365,10.8666,11.7403,7
790,5.4363,10.8661,11.7399,9
791,5.4363,10.8661,11.7399,106
792,5.4365,10.8714,11.7436,4
793,5.4367,10.8714,11.7438,2
794,5.4367,10.8714,11.7434,4
795,5.4367,10.8714,11.7434,22
796,5.4367,10.8714,11.7434,32
797,5.4367,10.8714,11.7434,23
798,5.4367,10.8714,11.7434,163
799,5.4367,10.8714,11.7434,7
800,5.4367,10.8714,11.7434,2
801,5.4367,10.8712,11.7434,1
802,5.4367,10.8712,11.7434,54
803,5.4367,10.8712,11.7432,37
804,5.4367,10.8712,11.7432,165
805,5.4367,10.8712,11.7432,342
806,5.4367,10.8712,11.7432,3
807,5.4367,10.8712,11.7434,9
808,5.4367,10.8712,11.7434,56
809,5.4367,10.8714,11.7427,2
810,5.4367,10.8714,11.7427,9
811,5.4367,10.8714,11.7427,4
812,5.4367,10.8714,11.7427,14
813,5.4367,10.8714,11.7427,1189
